"label","fold","arm","mae","rmse","rsq","rsq_trad"
"A",1,"OLS",0.798904061503559,1.00074702197838,0.374023875753959,0.373043056231302
"A",1,"GraphSAGE",0.803518444192272,1.00794533714817,0.364890045868146,0.363991288753304
"A",1,"GraphSAGE + LayerNorm",0.826178056069779,1.03259472016039,0.332614347917403,0.332503636408965
"A",2,"OLS",0.798950432418362,1.00500229024675,0.357924410129848,0.356411988190987
"A",2,"GraphSAGE",0.811793243692119,1.01961167858301,0.337753109690943,0.337564733247252
"A",2,"GraphSAGE + LayerNorm",0.817783830221018,1.03099826722321,0.324801052580357,0.322686528406706
"A",3,"OLS",0.794264908084699,1.00113808538496,0.333780072711061,0.333232996854795
"A",3,"GraphSAGE",0.797809499233638,1.00649054550814,0.327936954957919,0.326084364638074
"A",3,"GraphSAGE + LayerNorm",0.808409683404527,1.01963223299961,0.310350862450841,0.308370919863557
"A",4,"OLS",0.802267563855368,1.00580746568749,0.341638600962474,0.341163558687771
"A",4,"GraphSAGE",0.804422895276004,1.01315472954179,0.335479279231627,0.331503011497331
"A",4,"GraphSAGE + LayerNorm",0.811074804978689,1.01594862780934,0.328078127309663,0.327811003264817
"A",5,"OLS",0.795044463203623,1.0017537924801,0.369179883365767,0.368506227307386
"A",5,"GraphSAGE",0.81060959365313,1.02277011751264,0.350477602873798,0.341731394450157
"A",5,"GraphSAGE + LayerNorm",0.81608454965034,1.02798506251819,0.33607778436609,0.335001463136309
"A",6,"OLS",0.790647220560155,0.977264190081412,0.379415442198005,0.378511991303289
"A",6,"GraphSAGE",0.795649615525711,0.983828658473536,0.370783137672301,0.370134644383399
"A",6,"GraphSAGE + LayerNorm",0.802985345174487,0.996692169787237,0.354178103546777,0.353556049086548
"A",1,"XGBoost",0.911893343547718,1.14054036409632,0.240390339996493,0.185651270199096
"A",2,"XGBoost",0.898524378142403,1.13717264655478,0.239327258660136,0.176001061398369
"A",3,"XGBoost",0.920548478978434,1.1621482736117,0.189253308624686,0.101518341558656
"A",4,"XGBoost",0.917928319147959,1.15130917120423,0.21469038678825,0.136759452796169
"A",5,"XGBoost",0.922627387831215,1.15376782908563,0.23747912903926,0.162308840672612
"A",6,"XGBoost",0.904131240310933,1.12652700976471,0.233785593959623,0.174167441537257
"A",1,"XGBoost + lags",0.897485210939306,1.13120712674462,0.242252245768573,0.198924648472056
"A",2,"XGBoost + lags",0.889478149148072,1.12708882778575,0.24419279320774,0.190549803718062
"A",3,"XGBoost + lags",0.895394598561642,1.12933390771337,0.209421876139584,0.151540984509183
"A",4,"XGBoost + lags",0.886723881769867,1.12251777748377,0.233559136026898,0.179394622967901
"A",5,"XGBoost + lags",0.890365928047111,1.11313813931427,0.259690511945271,0.220268269082954
"A",6,"XGBoost + lags",0.898030567216787,1.11914582887298,0.240417122128532,0.184953955703695
"B | Ix=0.0",1,"OLS",2.10283042606053,2.92546429741119,0.778794914214224,0.777361897120366
"B | Ix=0.0",1,"GraphSAGE",0.862738436292605,1.1006802278166,0.968620762856867,0.968483918263263
"B | Ix=0.0",1,"GraphSAGE + LayerNorm",0.905409427377334,1.144494324864,0.965930169030269,0.965924897173357
"B | Ix=0.0",2,"OLS",2.08741887276056,2.95365376092927,0.79737596249562,0.794280119261447
"B | Ix=0.0",2,"GraphSAGE",0.889789037349349,1.12454137684649,0.970379068946517,0.970179976952569
"B | Ix=0.0",2,"GraphSAGE + LayerNorm",0.920558970454284,1.18375085593694,0.967432905548546,0.966957134127428
"B | Ix=0.0",3,"OLS",1.99330513087258,2.80408516613737,0.790402252211234,0.790192259936663
"B | Ix=0.0",3,"GraphSAGE",0.867350595880593,1.10251214290002,0.967819773970889,0.967565599974075
"B | Ix=0.0",3,"GraphSAGE + LayerNorm",0.905614107975852,1.12872241799878,0.96645870065035,0.966005128214473
"B | Ix=0.0",4,"OLS",2.11998446042029,3.04723188166925,0.758071109067755,0.757028956734603
"B | Ix=0.0",4,"GraphSAGE",0.919629883560733,1.1695028636091,0.964541785761694,0.96421128620876
"B | Ix=0.0",4,"GraphSAGE + LayerNorm",0.927921921789694,1.20164719091989,0.962311814311015,0.962216910886871
"B | Ix=0.0",5,"OLS",2.05283786463352,2.93702521590013,0.770152507992695,0.769724588627005
"B | Ix=0.0",5,"GraphSAGE",0.862261303237496,1.09048551696239,0.968270747756826,0.968255242020279
"B | Ix=0.0",5,"GraphSAGE + LayerNorm",0.912496648473965,1.16017709555365,0.96435887378281,0.964068049640517
"B | Ix=0.0",6,"OLS",2.03514437423672,2.94193343944907,0.779785257169453,0.779353939264685
"B | Ix=0.0",6,"GraphSAGE",0.872092245140095,1.10979674966297,0.96860624144601,0.968600886265317
"B | Ix=0.0",6,"GraphSAGE + LayerNorm",0.907550064855306,1.15768671774102,0.966025756148098,0.965832547911637
"B | Ix=0.0",1,"XGBoost",1.01018169042791,1.27514169416403,0.957801660563285,0.957701323299082
"B | Ix=0.0",2,"XGBoost",1.01854183990422,1.28305820411829,0.961355132287904,0.961180511258101
"B | Ix=0.0",3,"XGBoost",1.03648260537092,1.3055435514869,0.954687338323947,0.954519855710187
"B | Ix=0.0",4,"XGBoost",1.03544118625794,1.321959049356,0.954528734524905,0.9542722833831
"B | Ix=0.0",5,"XGBoost",1.02246479502814,1.29704429245514,0.955099692015428,0.955090126645256
"B | Ix=0.0",6,"XGBoost",0.989175985507058,1.25922821847463,0.959685485787242,0.959575990469222
"B | Ix=0.0",1,"XGBoost + lags",1.01749835245028,1.29079034426047,0.956856234694441,0.956656766843848
"B | Ix=0.0",2,"XGBoost + lags",1.04091037754833,1.35785978759278,0.956718532512715,0.956522261154976
"B | Ix=0.0",3,"XGBoost + lags",1.04293691580562,1.31172528622624,0.954291971027073,0.954088140047112
"B | Ix=0.0",4,"XGBoost + lags",1.04633175029779,1.3489209536006,0.952724791460318,0.952387990317092
"B | Ix=0.0",5,"XGBoost + lags",1.02890310049819,1.32548255145691,0.953123749958749,0.953099200435406
"B | Ix=0.0",6,"XGBoost + lags",1.00877996635403,1.2860129460805,0.95788084627702,0.957838002901664
"B | Ix=0.4",1,"OLS",2.12053988708938,3.02470333464009,0.796169931727154,0.794937798770359
"B | Ix=0.4",1,"GraphSAGE",0.941527591013768,1.19313780047907,0.968097599804604,0.968091877196005
"B | Ix=0.4",1,"GraphSAGE + LayerNorm",1.00277643983545,1.30803011589645,0.961734855092104,0.961650868645055
"B | Ix=0.4",2,"OLS",2.01864071462839,2.86160341106029,0.774715476737131,0.772806508523642
"B | Ix=0.4",2,"GraphSAGE",0.899995045871951,1.16058740488006,0.962647253879798,0.962629173543794
"B | Ix=0.4",2,"GraphSAGE + LayerNorm",0.932405817872741,1.19887935057512,0.960132370184085,0.960122497023716
"B | Ix=0.4",3,"OLS",1.94216609411312,2.76446702682063,0.795418847224538,0.795198235733056
"B | Ix=0.4",3,"GraphSAGE",0.872784355867186,1.10930014294896,0.967096309985225,0.967023162594079
"B | Ix=0.4",3,"GraphSAGE + LayerNorm",0.856629109869425,1.1081918532959,0.967252922057898,0.967089023273215
"B | Ix=0.4",4,"OLS",1.987793653026,2.7303474337709,0.755128714206928,0.74897229249503
"B | Ix=0.4",4,"GraphSAGE",0.890784401988833,1.130117224574,0.957233709649155,0.95699362670466
"B | Ix=0.4",4,"GraphSAGE + LayerNorm",0.922894806896736,1.15261205597322,0.955681519404361,0.955264515266049
"B | Ix=0.4",5,"OLS",2.08942634816874,2.93905486314344,0.807812735042164,0.80334414673796
"B | Ix=0.4",5,"GraphSAGE",0.915485314981225,1.16419462946759,0.96947732049152,0.969143783425093
"B | Ix=0.4",5,"GraphSAGE + LayerNorm",0.962841546160881,1.26015027956922,0.964799229255742,0.963847680096445
"B | Ix=0.4",6,"OLS",2.19002895816518,3.07237110346321,0.722792420721856,0.710219544215505
"B | Ix=0.4",6,"GraphSAGE",0.908327166919426,1.13843995250753,0.960266794841526,0.960212925730422
"B | Ix=0.4",6,"GraphSAGE + LayerNorm",0.943956986617857,1.20521465307311,0.955520533930185,0.955408656855965
"B | Ix=0.4",1,"XGBoost",1.06713028777425,1.44838799395617,0.953164142482819,0.952979214803078
"B | Ix=0.4",2,"XGBoost",1.03626461469353,1.32704607683149,0.951336482019018,0.951140501955985
"B | Ix=0.4",3,"XGBoost",1.00309909643102,1.29453935075262,0.95538354547283,0.955090173432646
"B | Ix=0.4",4,"XGBoost",1.00724340998375,1.26899898119197,0.945941058621104,0.94577389899704
"B | Ix=0.4",5,"XGBoost",1.04404360554602,1.31377750463668,0.960829155680011,0.96070519538104
"B | Ix=0.4",6,"XGBoost",1.04861881345502,1.33830148096465,0.945021120213192,0.945016843971435
"B | Ix=0.4",1,"XGBoost + lags",1.0935554205948,1.44102058090767,0.953626884651223,0.953456352819727
"B | Ix=0.4",2,"XGBoost + lags",1.03527460732519,1.33755187969471,0.950412989026819,0.950363829445873
"B | Ix=0.4",3,"XGBoost + lags",0.998356148279485,1.28657104966602,0.955763436267544,0.955641340400177
"B | Ix=0.4",4,"XGBoost + lags",1.0159492133388,1.28460695990872,0.944593147152934,0.944431794362485
"B | Ix=0.4",5,"XGBoost + lags",1.06623393629669,1.36419681635498,0.957815593678596,0.957631259445096
"B | Ix=0.4",6,"XGBoost + lags",1.05983130344457,1.35386259608208,0.943748859470191,0.943730775806121
"B | Ix=0.7",1,"OLS",1.85347490581905,2.63712180370138,0.744469512975344,0.687767109355254
"B | Ix=0.7",1,"GraphSAGE",0.907531473156799,1.15841702294451,0.939757975315156,0.93975123729519
"B | Ix=0.7",1,"GraphSAGE + LayerNorm",0.993379883398063,1.29298388817821,0.925189584946415,0.924940702203997
"B | Ix=0.7",2,"OLS",1.96804885615179,2.70873593341684,0.690366962479766,0.671005873333324
"B | Ix=0.7",2,"GraphSAGE",0.892748641893499,1.12740711655357,0.943126399055705,0.943007678122319
"B | Ix=0.7",2,"GraphSAGE + LayerNorm",0.902863214886064,1.14514936095386,0.941238041012291,0.9411997629508
"B | Ix=0.7",3,"OLS",1.9751988627266,2.63584944169821,0.812327430419644,0.802604292722453
"B | Ix=0.7",3,"GraphSAGE",0.910451332290801,1.1552129676321,0.962702139671861,0.962084165870307
"B | Ix=0.7",3,"GraphSAGE + LayerNorm",0.917445788227356,1.1575840701983,0.962541162811576,0.96192835980254
"B | Ix=0.7",4,"OLS",2.42275088383402,3.47618464263566,0.763828982034642,0.750513405944436
"B | Ix=0.7",4,"GraphSAGE",0.970083036371002,1.25589563814754,0.967802119998481,0.967435182759219
"B | Ix=0.7",4,"GraphSAGE + LayerNorm",1.09024508603621,1.44342204801648,0.958275086161522,0.956984179564035
"B | Ix=0.7",5,"OLS",2.03004000635517,2.89156905959338,0.730914167744557,0.720116166576674
"B | Ix=0.7",5,"GraphSAGE",0.936069750775577,1.19476799845549,0.952690355734296,0.952216513053443
"B | Ix=0.7",5,"GraphSAGE + LayerNorm",1.01008642230895,1.31165154623073,0.943084224513487,0.942409927325711
"B | Ix=0.7",6,"OLS",2.16557353077602,3.01252329429731,0.793912894580923,0.769682186680197
"B | Ix=0.7",6,"GraphSAGE",0.985094377254158,1.25886908683157,0.959885864692702,0.959781317556189
"B | Ix=0.7",6,"GraphSAGE + LayerNorm",1.03948607158587,1.31827941952625,0.956479166354923,0.955895627726233
"B | Ix=0.7",1,"XGBoost",1.07846843435622,1.43037708481583,0.909669011777945,0.908141498032563
"B | Ix=0.7",2,"XGBoost",1.00637818588529,1.26544430796371,0.928833825907074,0.928197282677172
"B | Ix=0.7",3,"XGBoost",1.02796183829312,1.31371030928513,0.950977779372461,0.950966180947305
"B | Ix=0.7",4,"XGBoost",1.14557613641358,1.51300935369531,0.953294510697705,0.95273662106317
"B | Ix=0.7",5,"XGBoost",1.00747099690265,1.28729818890692,0.944652934600278,0.944528617227247
"B | Ix=0.7",6,"XGBoost",1.053913036871,1.33822176765029,0.954588993757377,0.954551151866955
"B | Ix=0.7",1,"XGBoost + lags",1.06549225453877,1.41265902182507,0.910523720485283,0.910403103718643
"B | Ix=0.7",2,"XGBoost + lags",1.0330170560314,1.30235388459839,0.924204295254712,0.9239476170583
"B | Ix=0.7",3,"XGBoost + lags",1.04169767269864,1.32312015783692,0.950291297849938,0.950261226027551
"B | Ix=0.7",4,"XGBoost + lags",1.15770626886608,1.46448667528636,0.956007753888214,0.955719512844053
"B | Ix=0.7",5,"XGBoost + lags",1.00938477780905,1.29622398479859,0.943781733555511,0.94375670162292
"B | Ix=0.7",6,"XGBoost + lags",1.05068983829529,1.34182418597505,0.954746229867143,0.954306130992798
"C | Iu=0.0",1,"OLS",0.817512153245689,1.02055754187761,0.338475370356898,0.338391488362049
"C | Iu=0.0",1,"SEM",0.817513767170023,1.02055924745314,0.338473639913476,0.338389276974275
"C | Iu=0.0",1,"GraphSAGE",0.827997537934865,1.02884562432007,0.332582080719201,0.3276018334173
"C | Iu=0.0",1,"GraphSAGE + LayerNorm",0.841581241003468,1.04287066326076,0.309372792686864,0.309144861686607
"C | Iu=0.0",2,"OLS",0.794899499951386,1.00071735576297,0.375551018187312,0.375422569535326
"C | Iu=0.0",2,"SEM",0.794898816714445,1.00071615829796,0.375552151064387,0.375424064281416
"C | Iu=0.0",2,"GraphSAGE",0.81275369889111,1.02137764666703,0.355074337839283,0.349366949593096
"C | Iu=0.0",2,"GraphSAGE + LayerNorm",0.815856221199608,1.02691473266956,0.34309285293483,0.342293412406685
"C | Iu=0.0",3,"OLS",0.786503246029025,0.986268684222576,0.346009827969946,0.345972665459221
"C | Iu=0.0",3,"SEM",0.786503350451457,0.986267387887255,0.346012290429418,0.345974384743612
"C | Iu=0.0",3,"GraphSAGE",0.79272467930265,0.995309134571472,0.334853694847649,0.333927670854026
"C | Iu=0.0",3,"GraphSAGE + LayerNorm",0.80429438785854,1.00907536737787,0.318206822474717,0.315375208537104
"C | Iu=0.0",4,"OLS",0.801707373238285,1.00245524393012,0.380226853678629,0.37840794738127
"C | Iu=0.0",4,"SEM",0.801710632867047,1.00246711975212,0.380224379259123,0.378393219620913
"C | Iu=0.0",4,"GraphSAGE",0.816757677606076,1.02088068977028,0.366198785653439,0.355347832375213
"C | Iu=0.0",4,"GraphSAGE + LayerNorm",0.812418940668078,1.01608464707496,0.36321795065697,0.361390687027673
"C | Iu=0.0",5,"OLS",0.801228440090813,1.01279443554502,0.34262757609692,0.342343382311305
"C | Iu=0.0",5,"SEM",0.80122840515399,1.01279432653279,0.34262772570884,0.342343523885161
"C | Iu=0.0",5,"GraphSAGE",0.806585663726832,1.02267964294453,0.330135892884489,0.329442840726679
"C | Iu=0.0",5,"GraphSAGE + LayerNorm",0.825083611211926,1.03923247828436,0.309457273254963,0.307560230337821
"C | Iu=0.0",6,"OLS",0.767618430637552,0.966027260629376,0.345606671972423,0.343696538363423
"C | Iu=0.0",6,"SEM",0.767617316185512,0.966025775943363,0.345607988703741,0.34369855570571
"C | Iu=0.0",6,"GraphSAGE",0.771856857501106,0.972868807789506,0.335303352195813,0.334367544964998
"C | Iu=0.0",6,"GraphSAGE + LayerNorm",0.777541747584515,0.98557344765774,0.321783190510112,0.316869115931559
"C | Iu=0.0",1,"XGBoost",0.926871246863012,1.15653150980016,0.221977192960332,0.150348105376161
"C | Iu=0.0",2,"XGBoost",0.907484503551268,1.14455578090603,0.253525577661089,0.182971230725969
"C | Iu=0.0",3,"XGBoost",0.896235730339066,1.13672382065642,0.213263065170466,0.131208958283064
"C | Iu=0.0",4,"XGBoost",0.900547085679098,1.13155323315533,0.252130976360961,0.207999512642899
"C | Iu=0.0",5,"XGBoost",0.928620239763927,1.15222227413248,0.214950393714442,0.148804900942868
"C | Iu=0.0",6,"XGBoost",0.882398550788107,1.12692775877901,0.211776486651433,0.10686299413528
"C | Iu=0.0",1,"XGBoost + lags",0.897612072719961,1.11681098882026,0.246978309231363,0.207707676814352
"C | Iu=0.0",2,"XGBoost + lags",0.88311831734666,1.10782765174443,0.283927380732967,0.234565866863272
"C | Iu=0.0",3,"XGBoost + lags",0.879164561443378,1.09881193685871,0.24536928516298,0.188194200372237
"C | Iu=0.0",4,"XGBoost + lags",0.892822215409516,1.1231008757364,0.25422534618926,0.219787325921111
"C | Iu=0.0",5,"XGBoost + lags",0.874468471481049,1.1043838915771,0.247295985294534,0.218018086666792
"C | Iu=0.0",6,"XGBoost + lags",0.857461547466793,1.10092614970367,0.227528557175048,0.147602228601333
"C | Iu=0.4",1,"OLS",0.80986027541464,1.01659954878851,0.362366623173135,0.326797608708548
"C | Iu=0.4",1,"SEM",0.809302327974516,1.01575895157994,0.363148076195839,0.327910452190702
"C | Iu=0.4",1,"GraphSAGE",0.833012020987989,1.04293146803143,0.345495082608468,0.291471428820559
"C | Iu=0.4",1,"GraphSAGE + LayerNorm",0.838776374629621,1.05660369055275,0.315792233215119,0.272772871736006
"C | Iu=0.4",2,"OLS",0.800163102086658,0.997366333662838,0.380043419526383,0.37901329194465
"C | Iu=0.4",2,"SEM",0.800757891805032,0.997915637900578,0.380057916253845,0.378329080831948
"C | Iu=0.4",2,"GraphSAGE",0.85096877326174,1.06624668665467,0.309915956305506,0.290277972104042
"C | Iu=0.4",2,"GraphSAGE + LayerNorm",0.817321331055004,1.02251892661023,0.347536908102681,0.347297003556863
"C | Iu=0.4",3,"OLS",0.812737719270334,1.02012797744007,0.345990237542863,0.275344476112251
"C | Iu=0.4",3,"SEM",0.808291337307287,1.01458105477263,0.345528262617482,0.283203646679582
"C | Iu=0.4",3,"GraphSAGE",0.812106735206833,1.01755453170547,0.340371244170474,0.278995997280911
"C | Iu=0.4",3,"GraphSAGE + LayerNorm",0.826738517945392,1.03641713033119,0.321734611636209,0.252017468584671
"C | Iu=0.4",4,"OLS",0.780685301574111,0.978274358079218,0.35069690906243,0.347871668455815
"C | Iu=0.4",4,"SEM",0.78056239530302,0.978176557105913,0.350868908325982,0.348002052323982
"C | Iu=0.4",4,"GraphSAGE",0.786071478608812,0.982320172724059,0.342980656186466,0.342466546506019
"C | Iu=0.4",4,"GraphSAGE + LayerNorm",0.80577996032213,1.00656941724722,0.317919651457523,0.309602531858977
"C | Iu=0.4",5,"OLS",0.84230027797741,1.04421484061826,0.339608680743379,0.338743925356584
"C | Iu=0.4",5,"SEM",0.841873727819592,1.04373652565246,0.340289294068243,0.339349578953033
"C | Iu=0.4",5,"GraphSAGE",0.850359587608789,1.05748335504821,0.323115753222578,0.321832406866758
"C | Iu=0.4",5,"GraphSAGE + LayerNorm",0.864769587524687,1.07496968176118,0.305837283481517,0.29921889484937
"C | Iu=0.4",6,"OLS",0.773856308962107,0.963449173005534,0.38246900461122,0.381543973388734
"C | Iu=0.4",6,"SEM",0.77432054477128,0.964347258979651,0.38222112617437,0.380390439666071
"C | Iu=0.4",6,"GraphSAGE",0.837578460801576,1.04753997587633,0.291473957176832,0.26887367732267
"C | Iu=0.4",6,"GraphSAGE + LayerNorm",0.8267069014051,1.02375445108134,0.316828388635485,0.301698756624458
"C | Iu=0.4",1,"XGBoost",0.909606276325137,1.15125789127835,0.2321063643502,0.136641707143738
"C | Iu=0.4",2,"XGBoost",0.915582530303772,1.13386848211442,0.25860897798214,0.197401650091124
"C | Iu=0.4",3,"XGBoost",0.917732301315626,1.16351582216466,0.205626736358879,0.0573143912118449
"C | Iu=0.4",4,"XGBoost",0.916509206114146,1.1399140304522,0.222157795180308,0.114566546963861
"C | Iu=0.4",5,"XGBoost",0.926966724331172,1.15625393810876,0.238959302635007,0.189232368066483
"C | Iu=0.4",6,"XGBoost",0.89987143427864,1.11734087568388,0.233323983586431,0.168192976576046
"C | Iu=0.4",1,"XGBoost + lags",0.916882737865005,1.15849110247212,0.223915825212304,0.125758879351012
"C | Iu=0.4",2,"XGBoost + lags",0.880083452136937,1.10124984114357,0.279460385052829,0.242915049781638
"C | Iu=0.4",3,"XGBoost + lags",0.931513665641142,1.17153100833311,0.192701842129497,0.0442817782074758
"C | Iu=0.4",4,"XGBoost + lags",0.880951364462007,1.09804729469011,0.255271261997182,0.178412504761882
"C | Iu=0.4",5,"XGBoost + lags",0.923803846214091,1.14813928598057,0.242237218263225,0.200572456683882
"C | Iu=0.4",6,"XGBoost + lags",0.908927589503753,1.1305670422919,0.217235242396999,0.148383923503929
"C | Iu=0.8",1,"OLS",0.898106495441936,1.09607399429423,0.327235704642955,0.279930174239648
"C | Iu=0.8",1,"SEM",0.909488586914126,1.10952799691555,0.327723591710055,0.262144369583002
"C | Iu=0.8",1,"GraphSAGE",1.19221384949619,1.42731554092744,0.0929318387748675,-0.221053953164776
"C | Iu=0.8",1,"GraphSAGE + LayerNorm",1.10668936878612,1.34900839523667,0.135697959429729,-0.0907473581723139
"C | Iu=0.8",2,"OLS",0.949203435867411,1.15863235700896,0.283353802138528,0.239346965926194
"C | Iu=0.8",2,"SEM",0.957484795492903,1.1675775533126,0.283310096924017,0.22755641567655
"C | Iu=0.8",2,"GraphSAGE",0.970277858259416,1.21531436620499,0.236881529297677,0.163101942777172
"C | Iu=0.8",2,"GraphSAGE + LayerNorm",0.918436964078622,1.14146491029576,0.29275557645586,0.261721149977549
"C | Iu=0.8",3,"OLS",0.806491086972159,1.04660957250637,0.333225572767722,0.262149102283467
"C | Iu=0.8",3,"SEM",0.809837210572898,1.05333413746058,0.332480367409188,0.252637119595673
"C | Iu=0.8",3,"GraphSAGE",0.979536723606234,1.24080453993821,0.158482134406346,-0.0370649404712886
"C | Iu=0.8",3,"GraphSAGE + LayerNorm",0.814112881583244,1.01284614104002,0.352751908256207,0.308987091351642
"C | Iu=0.8",4,"OLS",0.657570603302592,0.83875000562584,0.437106467808761,0.423135473050987
"C | Iu=0.8",4,"SEM",0.665148340945255,0.845792749025101,0.440941789161438,0.413407269145368
"C | Iu=0.8",4,"GraphSAGE",0.848985558442541,1.06847437609872,0.209840433471668,0.06386822963996
"C | Iu=0.8",4,"GraphSAGE + LayerNorm",0.943916593985506,1.1630404415854,0.122514972778907,-0.109170714622011
"C | Iu=0.8",5,"OLS",0.758602466240203,0.933285221838328,0.449269129036888,0.282020315438578
"C | Iu=0.8",5,"SEM",0.74163145123385,0.911793225681036,0.448847418548167,0.314707308285768
"C | Iu=0.8",5,"GraphSAGE",0.824122746246198,1.03642058402866,0.320083114046823,0.114567543521683
"C | Iu=0.8",5,"GraphSAGE + LayerNorm",0.826763944311261,1.04909088043149,0.348012726370833,0.0927862968127452
"C | Iu=0.8",6,"OLS",0.801525519308736,1.01269953148672,0.434161572573155,0.195430648622353
"C | Iu=0.8",6,"SEM",0.783032347004499,0.985408275830811,0.433080961711818,0.238211034867256
"C | Iu=0.8",6,"GraphSAGE",0.926453576470097,1.15693969128284,0.287474964589815,-0.0500831947940998
"C | Iu=0.8",6,"GraphSAGE + LayerNorm",0.939042533059637,1.19554206437799,0.316107038369871,-0.121326249850133
"C | Iu=0.8",1,"XGBoost",1.00117829948686,1.23879090767696,0.195806372917788,0.0802053414621555
"C | Iu=0.8",2,"XGBoost",1.05222618163639,1.28977894564497,0.179344708284119,0.0574034134191337
"C | Iu=0.8",3,"XGBoost",0.95688164295438,1.20878302325713,0.17783286845353,0.0157715631946388
"C | Iu=0.8",4,"XGBoost",0.814879884272052,1.02726235746773,0.262189135025951,0.134690423331769
"C | Iu=0.8",5,"XGBoost",0.881300646727159,1.09306858908979,0.269971306898868,0.0151315918905476
"C | Iu=0.8",6,"XGBoost",0.926005648659877,1.17219487145179,0.24779619754212,-0.0779581506318126
"C | Iu=0.8",1,"XGBoost + lags",0.989712346879286,1.23960949371503,0.194391195627346,0.0789893495994417
"C | Iu=0.8",2,"XGBoost + lags",1.01963138845413,1.2522809623789,0.203254489261622,0.111415255401851
"C | Iu=0.8",3,"XGBoost + lags",0.899465005015795,1.13576457298962,0.240733514824934,0.131087908484602
"C | Iu=0.8",4,"XGBoost + lags",0.838928843323848,1.04632603064096,0.238004864941899,0.102276030007285
"C | Iu=0.8",5,"XGBoost + lags",0.840854551523841,1.05869015045238,0.309364564660637,0.0761081774429719
"C | Iu=0.8",6,"XGBoost + lags",0.930097297837683,1.16011191834155,0.261595592722645,-0.0558495612600662
"D | Iu=0.0 Ix=0.4",1,"OLS",2.44295892846961,3.39727697294864,0.452988666613388,0.451973110520866
"D | Iu=0.0 Ix=0.4",1,"SEM",2.4427486257794,3.39811043383781,0.452802299074784,0.451704180427122
"D | Iu=0.0 Ix=0.4",1,"GraphSAGE",0.8764033270009,1.08695559514456,0.944183250341242,0.943899909471712
"D | Iu=0.0 Ix=0.4",1,"GraphSAGE + LayerNorm",0.888085415362346,1.1228676352138,0.940229701173385,0.940131678030686
"D | Iu=0.0 Ix=0.4",2,"OLS",2.3502584122717,3.19792322774018,0.487862935185289,0.486571132501555
"D | Iu=0.0 Ix=0.4",2,"SEM",2.35048686158954,3.19817951362313,0.48786898630898,0.486488835439398
"D | Iu=0.0 Ix=0.4",2,"GraphSAGE",0.884673542094404,1.11118397168311,0.938667033580779,0.938010782699692
"D | Iu=0.0 Ix=0.4",2,"GraphSAGE + LayerNorm",0.889515092199371,1.11702641642696,0.93743055908938,0.937357208312255
"D | Iu=0.0 Ix=0.4",3,"OLS",2.36372378811777,3.1081103500613,0.468038923535932,0.465102249207344
"D | Iu=0.0 Ix=0.4",3,"SEM",2.3630661862007,3.10764898740531,0.468088957826346,0.465261036060616
"D | Iu=0.0 Ix=0.4",3,"GraphSAGE",0.854512909102976,1.07197815308457,0.936691795583396,0.936371778879206
"D | Iu=0.0 Ix=0.4",3,"GraphSAGE + LayerNorm",0.849340060671048,1.07576898748749,0.936136345900502,0.93592096645612
"D | Iu=0.0 Ix=0.4",4,"OLS",2.34705519162768,3.24298871924606,0.44954857641846,0.449413826343657
"D | Iu=0.0 Ix=0.4",4,"SEM",2.34676994724056,3.24173893751999,0.449939118853018,0.449838113941152
"D | Iu=0.0 Ix=0.4",4,"GraphSAGE",0.879854131368275,1.0986744547886,0.9370356279498,0.936806489909175
"D | Iu=0.0 Ix=0.4",4,"GraphSAGE + LayerNorm",0.878582183842652,1.11013479667353,0.93561647295604,0.935481263104458
"D | Iu=0.0 Ix=0.4",5,"OLS",2.27379101271044,3.09235109284432,0.44138337958833,0.437948210816325
"D | Iu=0.0 Ix=0.4",5,"SEM",2.27162689821219,3.09206107452754,0.441296511759117,0.438053630715403
"D | Iu=0.0 Ix=0.4",5,"GraphSAGE",0.848173713250159,1.0779146545519,0.932462185955768,0.931708367407305
"D | Iu=0.0 Ix=0.4",5,"GraphSAGE + LayerNorm",0.853609436160618,1.08900114997135,0.930448830246025,0.930296366221068
"D | Iu=0.0 Ix=0.4",6,"OLS",2.50267776194514,3.37325750283305,0.439089239126343,0.438317760816879
"D | Iu=0.0 Ix=0.4",6,"SEM",2.50239513949213,3.37325156188031,0.439140695472857,0.43831973927521
"D | Iu=0.0 Ix=0.4",6,"GraphSAGE",0.880163341721804,1.13105601004943,0.937002297726334,0.936851952795181
"D | Iu=0.0 Ix=0.4",6,"GraphSAGE + LayerNorm",0.886274008273134,1.12634258632392,0.937474743213017,0.937377166966378
"D | Iu=0.0 Ix=0.4",1,"XGBoost",1.00533238958252,1.32193649572768,0.917357050760275,0.9170223478115
"D | Iu=0.0 Ix=0.4",2,"XGBoost",1.02366998361154,1.3070786329013,0.915045876850712,0.914227583326536
"D | Iu=0.0 Ix=0.4",3,"XGBoost",0.939585108977642,1.2048058855507,0.919782994560931,0.919626649418999
"D | Iu=0.0 Ix=0.4",4,"XGBoost",1.01938514159762,1.30802131135502,0.910721198497957,0.9104296925221
"D | Iu=0.0 Ix=0.4",5,"XGBoost",1.01299706080789,1.29179890221315,0.903757128396979,0.901918168975256
"D | Iu=0.0 Ix=0.4",6,"XGBoost",1.01909564932286,1.33898621331481,0.911923167087119,0.911499869286405
"D | Iu=0.0 Ix=0.4",1,"XGBoost + lags",1.00388036019885,1.31050045715165,0.918571998667009,0.918451812881232
"D | Iu=0.0 Ix=0.4",2,"XGBoost + lags",1.04631328670939,1.33096737340745,0.91168950101605,0.911063704556465
"D | Iu=0.0 Ix=0.4",3,"XGBoost + lags",0.939922920444807,1.1950989421344,0.921014193167386,0.920916544629022
"D | Iu=0.0 Ix=0.4",4,"XGBoost + lags",1.01653105929982,1.29972948822437,0.911930777341895,0.911561703248965
"D | Iu=0.0 Ix=0.4",5,"XGBoost + lags",0.99354985617334,1.26580835174936,0.907651559649613,0.905825210933901
"D | Iu=0.0 Ix=0.4",6,"XGBoost + lags",0.999652704413877,1.31937359750265,0.914431287614811,0.914073468914443
"D | Iu=0.4 Ix=0.4",1,"OLS",2.55995944363017,3.43238447563032,0.444982682102978,0.443769578208444
"D | Iu=0.4 Ix=0.4",1,"SEM",2.55846142052743,3.43306903325312,0.444714406439967,0.443547685964906
"D | Iu=0.4 Ix=0.4",1,"GraphSAGE",0.911036909365046,1.14192694072915,0.94176671731355,0.938434201285885
"D | Iu=0.4 Ix=0.4",1,"GraphSAGE + LayerNorm",0.920545899831294,1.16205634986942,0.939506009404415,0.936244558693936
"D | Iu=0.4 Ix=0.4",2,"OLS",2.34666243140665,3.21112473962212,0.483710729185491,0.481930499971606
"D | Iu=0.4 Ix=0.4",2,"SEM",2.34574873354326,3.2111448940474,0.48386336186935,0.481923996689022
"D | Iu=0.4 Ix=0.4",2,"GraphSAGE",0.877346577189554,1.10446750695537,0.938941809336281,0.938711420003267
"D | Iu=0.4 Ix=0.4",2,"GraphSAGE + LayerNorm",0.893253108337088,1.12772491215565,0.936207081660522,0.936103065836549
"D | Iu=0.4 Ix=0.4",3,"OLS",2.22818608708305,3.0366824802634,0.483557790635833,0.482275863419008
"D | Iu=0.4 Ix=0.4",3,"SEM",2.22795756148095,3.03784092875535,0.483213399176774,0.481880780200241
"D | Iu=0.4 Ix=0.4",3,"GraphSAGE",0.921668249347838,1.15056352298618,0.932986897037558,0.925677408012411
"D | Iu=0.4 Ix=0.4",3,"GraphSAGE + LayerNorm",0.907135788711716,1.13485037516094,0.932355237444977,0.927693580597556
"D | Iu=0.4 Ix=0.4",4,"OLS",2.38290097136678,3.23174380047376,0.448254234819342,0.448122361580633
"D | Iu=0.4 Ix=0.4",4,"SEM",2.38334052670445,3.23125870900148,0.448405786900034,0.448288025111324
"D | Iu=0.4 Ix=0.4",4,"GraphSAGE",0.896627455373439,1.12365134148954,0.933406452761827,0.933283677752222
"D | Iu=0.4 Ix=0.4",4,"GraphSAGE + LayerNorm",0.901764094781053,1.14152785570211,0.931230510647618,0.931143970535157
"D | Iu=0.4 Ix=0.4",5,"OLS",2.30712375865971,3.11998902985039,0.439292962431592,0.435426809394671
"D | Iu=0.4 Ix=0.4",5,"SEM",2.30370563465744,3.11931799623581,0.439169579722112,0.435669635151247
"D | Iu=0.4 Ix=0.4",5,"GraphSAGE",0.895581197707512,1.11631952046516,0.928207080113564,0.927724491564134
"D | Iu=0.4 Ix=0.4",5,"GraphSAGE + LayerNorm",0.900863989314716,1.12658834141785,0.926598190181534,0.926388677129374
"D | Iu=0.4 Ix=0.4",6,"OLS",2.45742870833749,3.32680988696802,0.445359017868562,0.444944822911703
"D | Iu=0.4 Ix=0.4",6,"SEM",2.45594587456431,3.32587008344336,0.445724953638992,0.44525837802851
"D | Iu=0.4 Ix=0.4",6,"GraphSAGE",0.891467822378373,1.10710537608803,0.93868502080213,0.938530722269601
"D | Iu=0.4 Ix=0.4",6,"GraphSAGE + LayerNorm",0.862568271963865,1.08415712371514,0.941199254581719,0.941052601091779
"D | Iu=0.4 Ix=0.4",1,"XGBoost",1.02202704249257,1.35488469484545,0.91559252738324,0.913330248036438
"D | Iu=0.4 Ix=0.4",2,"XGBoost",1.00246460284593,1.28553088431295,0.917858503335928,0.916969299541381
"D | Iu=0.4 Ix=0.4",3,"XGBoost",1.00586439460889,1.28773703602219,0.91297981640807,0.906899070346177
"D | Iu=0.4 Ix=0.4",4,"XGBoost",0.983092811772932,1.26911076515941,0.915523227845247,0.9148924664871
"D | Iu=0.4 Ix=0.4",5,"XGBoost",1.03092312578463,1.28827185948604,0.90530597149089,0.903743701285677
"D | Iu=0.4 Ix=0.4",6,"XGBoost",1.01574804421382,1.33206099246986,0.91109892573999,0.911012621634259
"D | Iu=0.4 Ix=0.4",1,"XGBoost + lags",1.0092381578332,1.31582548017474,0.920066800919958,0.918255326433724
"D | Iu=0.4 Ix=0.4",2,"XGBoost + lags",0.98894575380824,1.26228226758515,0.920544473858066,0.919945336806429
"D | Iu=0.4 Ix=0.4",3,"XGBoost + lags",1.03702627340545,1.32322286692736,0.906943150392982,0.901697256266225
"D | Iu=0.4 Ix=0.4",4,"XGBoost + lags",0.993908057944973,1.2738415918356,0.91489835009427,0.914256778200384
"D | Iu=0.4 Ix=0.4",5,"XGBoost + lags",1.01055090599373,1.2639509539302,0.908119981117801,0.907343783716995
"D | Iu=0.4 Ix=0.4",6,"XGBoost + lags",1.03302627624563,1.33579324409316,0.910528900853572,0.910513262263906
"D | Iu=0.8 Ix=0.7",1,"OLS",2.48698268109897,3.25429877072063,0.434769927325748,0.418694552528267
"D | Iu=0.8 Ix=0.7",1,"SEM",2.4087184153748,3.15604868421813,0.465495807710668,0.453264925079428
"D | Iu=0.8 Ix=0.7",1,"GraphSAGE",1.09699392063573,1.33746408176338,0.9146340112604,0.901813042276407
"D | Iu=0.8 Ix=0.7",1,"GraphSAGE + LayerNorm",1.12598787445524,1.41291217697728,0.905094500150417,0.890422879281472
"D | Iu=0.8 Ix=0.7",2,"OLS",2.54751646877948,3.23196459947704,0.470946088206654,0.448086781216649
"D | Iu=0.8 Ix=0.7",2,"SEM",2.5076021377309,3.17419867876024,0.49224497469772,0.467639506974382
"D | Iu=0.8 Ix=0.7",2,"GraphSAGE",0.972047090650809,1.22625686843321,0.922178748587289,0.920548790781363
"D | Iu=0.8 Ix=0.7",2,"GraphSAGE + LayerNorm",1.0153591036094,1.29827033439656,0.914848171407042,0.910943038689827
"D | Iu=0.8 Ix=0.7",3,"OLS",2.49302935331436,3.55329321237403,0.421876903632821,0.41646572412773
"D | Iu=0.8 Ix=0.7",3,"SEM",2.47576409380836,3.5825963974409,0.411460380534581,0.406801494750222
"D | Iu=0.8 Ix=0.7",3,"GraphSAGE",0.858266458892229,1.09674508067782,0.947304737396991,0.944407568639563
"D | Iu=0.8 Ix=0.7",3,"GraphSAGE + LayerNorm",0.86406705034977,1.15127219803113,0.942667243445284,0.938742352782884
"D | Iu=0.8 Ix=0.7",4,"OLS",2.63519773286324,3.53779713653085,0.380148431647816,0.370618434051
"D | Iu=0.8 Ix=0.7",4,"SEM",2.55927007444458,3.39974317435131,0.421338589072952,0.418780217607877
"D | Iu=0.8 Ix=0.7",4,"GraphSAGE",0.887987249913106,1.10988361429085,0.941984404782495,0.938055458035351
"D | Iu=0.8 Ix=0.7",4,"GraphSAGE + LayerNorm",0.86412384442438,1.08433036845474,0.944575331446254,0.940874965299927
"D | Iu=0.8 Ix=0.7",5,"OLS",2.06334045213157,2.77942704476594,0.525782794815425,0.516228630299315
"D | Iu=0.8 Ix=0.7",5,"SEM",2.02421128127495,2.7694894785263,0.524752557648287,0.519681799291241
"D | Iu=0.8 Ix=0.7",5,"GraphSAGE",0.783351994678091,0.990454843064455,0.948479939743725,0.938567390365949
"D | Iu=0.8 Ix=0.7",5,"GraphSAGE + LayerNorm",0.884546993676795,1.12627861421295,0.933425855848877,0.920563284275717
"D | Iu=0.8 Ix=0.7",6,"OLS",3.1355064507205,4.93974080593662,0.27408348878055,0.147045034576524
"D | Iu=0.8 Ix=0.7",6,"SEM",3.17607869515986,5.02048143596616,0.254645581083925,0.118933863284977
"D | Iu=0.8 Ix=0.7",6,"GraphSAGE",1.15976186268285,1.48799906573048,0.952005316690107,0.922603183838578
"D | Iu=0.8 Ix=0.7",6,"GraphSAGE + LayerNorm",1.13862274936972,1.45808845811962,0.953515219107597,0.925683452937284
"D | Iu=0.8 Ix=0.7",1,"XGBoost",1.05870041071931,1.3411831074732,0.906908085953783,0.901266235050996
"D | Iu=0.8 Ix=0.7",2,"XGBoost",1.10126710670558,1.3770964324065,0.904572139967049,0.899800325232019
"D | Iu=0.8 Ix=0.7",3,"XGBoost",1.05315935740387,1.44697104289614,0.908814772335595,0.903233739472512
"D | Iu=0.8 Ix=0.7",4,"XGBoost",0.911106795413216,1.15716483221305,0.934150117369718,0.932665348105764
"D | Iu=0.8 Ix=0.7",5,"XGBoost",0.929541545247871,1.18535357574615,0.92394881087187,0.912011597499551
"D | Iu=0.8 Ix=0.7",6,"XGBoost",1.23499795826787,1.83108734562854,0.90245092858546,0.882797762942899
"D | Iu=0.8 Ix=0.7",1,"XGBoost + lags",1.10740612039164,1.41028254783141,0.900019639306537,0.890830376723621
"D | Iu=0.8 Ix=0.7",2,"XGBoost + lags",1.07135367220945,1.35612954303483,0.907278181790939,0.90282826441971
"D | Iu=0.8 Ix=0.7",3,"XGBoost + lags",1.02906953879532,1.41853115896953,0.911137605813643,0.907000195004462
"D | Iu=0.8 Ix=0.7",4,"XGBoost + lags",0.91054857654387,1.17118824571703,0.931884191354273,0.931023432823161
"D | Iu=0.8 Ix=0.7",5,"XGBoost + lags",0.945356340709819,1.21160591845067,0.921270563113364,0.908071033688688
"D | Iu=0.8 Ix=0.7",6,"XGBoost + lags",1.27763565318,1.80165159331371,0.905193161783676,0.886535658029364
"E | Ix=0.0",1,"OLS",0.89323120461989,1.1413323676417,0.305219359463648,0.305086705662893
"E | Ix=0.0",1,"GraphSAGE",0.814566888937716,1.03138380681743,0.443362273649136,0.43252469155708
"E | Ix=0.0",1,"GraphSAGE + LayerNorm",0.81344608078154,1.02910990937182,0.437745909412798,0.435024164965902
"E | Ix=0.0",2,"OLS",0.939507607948343,1.17316582853624,0.281272838917447,0.27813863423642
"E | Ix=0.0",2,"GraphSAGE",0.834818657463706,1.04769450246968,0.425961618229611,0.424289275249912
"E | Ix=0.0",2,"GraphSAGE + LayerNorm",0.841676439534063,1.05775292471165,0.416316597157253,0.413181956010639
"E | Ix=0.0",3,"OLS",0.944344898844356,1.19068745559817,0.277703250819221,0.277533188821859
"E | Ix=0.0",3,"GraphSAGE",0.862834920961734,1.08608526223203,0.404107546643152,0.398895213938211
"E | Ix=0.0",3,"GraphSAGE + LayerNorm",0.878864110443619,1.10163795474479,0.389247267733108,0.381556363265053
"E | Ix=0.0",4,"OLS",0.980260298027808,1.23426590786185,0.256813762789405,0.251908960314808
"E | Ix=0.0",4,"GraphSAGE",0.843445264328827,1.06518294985195,0.443203189908402,0.442832983835131
"E | Ix=0.0",4,"GraphSAGE + LayerNorm",0.865969224258839,1.09360069788168,0.41290589777361,0.412707379681281
"E | Ix=0.0",5,"OLS",0.947612497381684,1.18599327152853,0.291850176937519,0.290964844615425
"E | Ix=0.0",5,"GraphSAGE",0.84659483141394,1.05994438896761,0.434293503454211,0.433670116103159
"E | Ix=0.0",5,"GraphSAGE + LayerNorm",0.859328695194856,1.07598125853481,0.416472989902248,0.416403427920751
"E | Ix=0.0",6,"OLS",0.932287922790234,1.16330600888541,0.295923335475818,0.292789447714392
"E | Ix=0.0",6,"GraphSAGE",0.820434767063369,1.0316443181756,0.445868295554554,0.443813080745432
"E | Ix=0.0",6,"GraphSAGE + LayerNorm",0.846949943493542,1.0628590248517,0.410934527689864,0.409646532493141
"E | Ix=0.0",1,"XGBoost",1.05327051997927,1.35127228287159,0.144035922393863,0.0259256891676324
"E | Ix=0.0",2,"XGBoost",1.06697750415419,1.33912572016758,0.169261325665339,0.0594590851442576
"E | Ix=0.0",3,"XGBoost",1.08408616081293,1.35550040615103,0.152452849415905,0.063685715817435
"E | Ix=0.0",4,"XGBoost",1.10578257557878,1.39560797347311,0.146535564084685,0.0435464788480605
"E | Ix=0.0",5,"XGBoost",1.07752951666008,1.34808120191435,0.17191146674253,0.0839157337994468
"E | Ix=0.0",6,"XGBoost",1.03589330848785,1.2947413392682,0.193408491410387,0.1239541862356
"E | Ix=0.0",1,"XGBoost + lags",0.902532053803717,1.14306384176606,0.348297941916177,0.302976650597262
"E | Ix=0.0",2,"XGBoost + lags",0.936074391886745,1.17723275597852,0.325180900143983,0.273125112168334
"E | Ix=0.0",3,"XGBoost + lags",0.95350427304901,1.1994047213721,0.306066904978392,0.266915810751054
"E | Ix=0.0",4,"XGBoost + lags",0.944066445904417,1.19447564826515,0.336482541126958,0.299365390105607
"E | Ix=0.0",5,"XGBoost + lags",0.912978008331814,1.16393851042256,0.341085350495875,0.31709012327689
"E | Ix=0.0",6,"XGBoost + lags",0.916032327968166,1.1524260681049,0.349213986939122,0.305956108057783
"E | Ix=0.4",1,"OLS",0.903803899584091,1.12182481606932,0.375110696157389,0.369956597895726
"E | Ix=0.4",1,"GraphSAGE",0.815782154426109,1.01575070693956,0.48358009213474,0.483471072395887
"E | Ix=0.4",1,"GraphSAGE + LayerNorm",0.830845303761256,1.03604140536439,0.46463494498961,0.462628528049106
"E | Ix=0.4",2,"OLS",0.885291186981821,1.11730454144325,0.435336578063371,0.43094099732319
"E | Ix=0.4",2,"GraphSAGE",0.830169496144404,1.03800605073451,0.51028696673753,0.508850235026345
"E | Ix=0.4",2,"GraphSAGE + LayerNorm",0.843822708472846,1.05383530832685,0.498377123201339,0.49375626572742
"E | Ix=0.4",3,"OLS",0.864175595362908,1.07711381464684,0.42175566567292,0.421611120046607
"E | Ix=0.4",3,"GraphSAGE",0.795880874704407,0.998186675600076,0.503974601747985,0.503270126596354
"E | Ix=0.4",3,"GraphSAGE + LayerNorm",0.803220021886074,1.00894430108782,0.493330420635543,0.492505750155887
"E | Ix=0.4",4,"OLS",0.856091415959028,1.08602077158483,0.367520550482391,0.361437101025491
"E | Ix=0.4",4,"GraphSAGE",0.792048328743954,0.99794855533675,0.463096671617752,0.460807644722587
"E | Ix=0.4",4,"GraphSAGE + LayerNorm",0.796327509581705,1.00511296548243,0.455965457913166,0.45303798235441
"E | Ix=0.4",5,"OLS",0.87834171433802,1.1237244850647,0.440896164098776,0.437802100058459
"E | Ix=0.4",5,"GraphSAGE",0.822934094774835,1.03449380520697,0.525727615080744,0.523541235878152
"E | Ix=0.4",5,"GraphSAGE + LayerNorm",0.83188941162348,1.04532147251437,0.51508525113909,0.513515201293289
"E | Ix=0.4",6,"OLS",0.894796884415146,1.1257141969803,0.492404343806874,0.484651178493185
"E | Ix=0.4",6,"GraphSAGE",0.818648574548985,1.02532016428677,0.575325681392412,0.572472556705691
"E | Ix=0.4",6,"GraphSAGE + LayerNorm",0.823778393985937,1.04066903913174,0.561321293986884,0.559576717979962
"E | Ix=0.4",1,"XGBoost",1.00920355882032,1.2703956608814,0.26067363762339,0.192024139750242
"E | Ix=0.4",2,"XGBoost",1.00932322397934,1.26468490369854,0.313626059320944,0.270913865004222
"E | Ix=0.4",3,"XGBoost",0.988015255899994,1.24591072450048,0.28094630774511,0.226125402889685
"E | Ix=0.4",4,"XGBoost",1.00337670450259,1.25380507830841,0.252604870477199,0.148886522725365
"E | Ix=0.4",5,"XGBoost",1.02510369528426,1.29754446089275,0.306263919673844,0.250426840094006
"E | Ix=0.4",6,"XGBoost",1.04100916442574,1.31329235159866,0.331854282356081,0.298596658109357
"E | Ix=0.4",1,"XGBoost + lags",0.91953919005888,1.13916171362232,0.374661846432253,0.350332498269581
"E | Ix=0.4",2,"XGBoost + lags",0.929898358578858,1.17209754158446,0.394849851484536,0.373758736191126
"E | Ix=0.4",3,"XGBoost + lags",0.909505147358731,1.14418776212099,0.385028476517303,0.347333473656242
"E | Ix=0.4",4,"XGBoost + lags",0.900594929088891,1.12300729004405,0.358877440761978,0.317201482476383
"E | Ix=0.4",5,"XGBoost + lags",0.884400244870663,1.12520649766791,0.456193213119704,0.436318224246087
"E | Ix=0.4",6,"XGBoost + lags",0.918965751863053,1.15401075947719,0.472637923137696,0.458417382655075
