"STATEFP","STUSPS","arm","n","mae","rmse","rsq","rsq_trad","mean_bias","resid_moran"
"01","AL","OLS",67,9.1699908584346,10.529834562042,0.869066048128872,0.720113767731111,-5.98106085079912,0.311463600853672
"01","AL","SEM",67,9.26210862659282,10.479758640276,0.90619089371397,0.722769504557155,-7.28464356942079,0.291718991984061
"01","AL","XGBoost",67,4.15132849451321,5.56383382159569,0.937467743117101,0.921857600938724,-2.37219770801601,-0.0121998065938563
"01","AL","XGBoost + lags",67,4.46882743778513,5.65126927056819,0.940759608171134,0.919382292886499,-2.4093257010161,0.185339957219257
"01","AL","GraphSAGE",67,4.13572418702106,4.85986009595139,0.968474747487418,0.940380823316159,-3.3021537320494,0.365709970989545
"01","AL","GraphSAGE + LayerNorm",67,4.06321636376098,4.89493851279989,0.952616532806566,0.939517056068592,-1.73583214652607,0.500197265295361
"05","AR","OLS",75,4.76357923597286,5.73133228350156,0.777480297487732,0.773010975109593,-0.799761526226508,0.232366010612609
"05","AR","SEM",75,4.48126609129282,5.46216084127448,0.836233575190178,0.793831338309009,-2.43519625974847,0.189855639151303
"05","AR","XGBoost",75,5.80577603047689,7.04377700950673,0.756751539955671,0.657149426435762,-3.67229817199707,0.212267913238362
"05","AR","XGBoost + lags",75,4.52184331258138,5.68546733230023,0.831184486083921,0.776629395293007,-2.7473874613444,0.198659235784317
"05","AR","GraphSAGE",75,3.91816756934994,4.73941226592774,0.906846351662218,0.844781794093151,-2.71339905624185,0.14274485804101
"05","AR","GraphSAGE + LayerNorm",75,4.4695700798757,5.49910414914213,0.894463620320483,0.791033064941515,-2.35513238980654,0.130390392077038
"06","CA","OLS",58,11.4279028454329,14.7194388625795,0.689664915674535,0.184585295589551,11.1536939257998,0.411901794625544
"06","CA","SEM",58,13.4472009664044,16.8567498675306,0.665000376324196,-0.0694087068963856,13.4011222565388,0.481685572765561
"06","CA","XGBoost",58,10.4519324822261,13.1886861496448,0.619077124652516,0.345365185972273,8.46203932531949,0.188639470175487
"06","CA","XGBoost + lags",58,9.06050365974163,11.5867175239742,0.671326760611766,0.49473772950656,6.84922110064276,0.241600719964235
"06","CA","GraphSAGE",58,7.67131747449456,9.36357074967386,0.687431210553973,0.670026530384866,2.09676348157392,0.406073742949247
"06","CA","GraphSAGE + LayerNorm",58,8.35231774582883,10.073899236285,0.644872282209642,0.618063436843444,2.52881961855511,0.406137331472478
"08","CO","OLS",64,9.07084164795628,10.7940047157026,0.709911234278821,0.644581688945911,1.50270351079812,0.371985010691829
"08","CO","SEM",64,8.99002280966305,10.8349781853707,0.777363173415023,0.641878269514304,2.74507533254369,0.371880610095985
"08","CO","XGBoost",64,8.70705825746059,11.3353121746661,0.661499516195442,0.608040168716319,4.1568278414011,0.188373132017511
"08","CO","XGBoost + lags",64,8.41515931487084,10.980663058576,0.64879695732678,0.63218306364834,2.06982677102089,0.270134833019288
"08","CO","GraphSAGE",64,7.75308333399693,9.45091621173009,0.800607586154014,0.727527662422344,-4.59033230530085,0.366994371666112
"08","CO","GraphSAGE + LayerNorm",64,10.0607745130673,12.5898136531959,0.733154168953313,0.516481388147694,-5.85482841919635,0.43817632114141
"12","FL","OLS",67,6.24060772095427,7.62173387292939,0.838295030961842,0.700025531303789,-5.17338824975064,0.135330123690758
"12","FL","SEM",67,5.33619840117065,6.78300913634095,0.867496939557438,0.762413622492842,-4.22910253241049,0.284205086669127
"12","FL","XGBoost",67,5.45168921114793,6.63706015417699,0.818181176267865,0.772527846326501,1.77772395290546,0.202884822964208
"12","FL","XGBoost + lags",67,7.20134764770963,8.86584150802016,0.668874749602226,0.594102236493364,3.28753868501578,0.309725335219173
"12","FL","GraphSAGE",67,4.35886990817139,6.11094910048235,0.858545669170113,0.807161357937323,-1.97358691649472,0.327084234820353
"12","FL","GraphSAGE + LayerNorm",67,6.42098893505205,8.60266934062895,0.799214283886419,0.617841791444377,-2.25520688452181,0.450080515615261
"13","GA","OLS",159,7.48640543643163,8.95801296207051,0.792382791507893,0.683858240101003,-4.92293505666239,0.393448480796307
"13","GA","SEM",159,9.5053817898557,10.6451778985336,0.864803058135805,0.553558723971753,-8.58608700811348,0.347220987107658
"13","GA","XGBoost",159,5.14428616097888,6.45417137334569,0.881798085974653,0.835888324644068,-3.41367077929419,0.182298099763584
"13","GA","XGBoost + lags",159,5.41272130114477,6.68709273105634,0.872515694521619,0.823829500826359,-3.49691374748758,0.204027522403132
"13","GA","GraphSAGE",159,4.63925580587721,5.60052553565201,0.898021619662941,0.876429143459393,-2.30704669201175,0.41261232506841
"13","GA","GraphSAGE + LayerNorm",159,4.94963375640522,5.96354354003692,0.892340946897469,0.859890597070919,-1.96732690019119,0.432778821895649
"16","ID","OLS",44,16.081727729697,21.4504796034525,0.0369379328768356,-2.32498943616673,-14.1901662898155,0.338973988205938
"16","ID","SEM",44,15.9904255804968,20.7040716336521,0.0383522674563374,-2.09761742963968,-14.2737198021631,0.326198198842902
"16","ID","XGBoost",44,9.76465930331837,12.495176425631,0.527702655880694,-0.128238826473781,-9.05305642994967,0.23617241214676
"16","ID","XGBoost + lags",44,10.7497410236705,13.9774118118287,0.361230090582753,-0.411788948076884,-9.70456413269043,0.064348130992932
"16","ID","GraphSAGE",44,8.23467509654505,11.0250466250819,0.5205592552822,0.121630745718657,-7.17425868088834,-0.107099841985404
"16","ID","GraphSAGE + LayerNorm",44,7.3846187666313,9.49128341812331,0.597250721120244,0.349022257164078,-5.42263143497453,0.28589237926479
"17","IL","OLS",102,4.63344984187431,5.95774911544579,0.782195775152955,0.762011308710106,1.69987123814068,0.554314210195867
"17","IL","SEM",102,5.39855094164276,7.01729243907743,0.765336520399326,0.669834986545205,3.72774243320412,0.621958142211809
"17","IL","XGBoost",102,5.60341230579451,6.83149291377472,0.730145726080446,0.687087333490063,-2.53363492255117,0.130168453223228
"17","IL","XGBoost + lags",102,4.9182585921942,6.10281540548201,0.782147714855118,0.75028055167387,-2.17471291785147,0.315850186748831
"17","IL","GraphSAGE",102,4.41221076805537,5.38798737506056,0.836992138939436,0.805354199612075,-1.86165811775406,0.49810938987334
"17","IL","GraphSAGE + LayerNorm",102,5.63625349332095,6.66506041738427,0.799692531842508,0.702148302039935,-3.76479077111942,0.407453057916303
"18","IN","OLS",92,4.41256134442946,5.68927908305364,0.709145681684583,0.621644794815074,2.27089029122563,0.319544912136559
"18","IN","SEM",92,4.11218588709603,5.40042690125722,0.7262508583913,0.659088681382771,2.30541282625047,0.39507510025886
"18","IN","XGBoost",92,4.37388181022976,5.56025091106037,0.638960161705635,0.638611759621899,-0.101248076895009,0.229592185298981
"18","IN","XGBoost + lags",92,4.34898428626682,5.70665483664386,0.644389940897978,0.619330179576741,1.37211459698884,0.240654869581057
"18","IN","GraphSAGE",92,6.41463397598029,7.93585936642657,0.632307841853246,0.263838395461915,5.21427011270741,0.5681492345872
"18","IN","GraphSAGE + LayerNorm",92,3.75629852356747,4.98496549695704,0.755720824725793,0.709524471842506,1.85878947439937,0.35535188270168
"19","IA","OLS",99,7.49463869822278,8.85964999332419,0.561459643199233,0.091966015207638,6.31072916081931,0.542306387767668
"19","IA","SEM",99,9.61031016174986,10.9115120609173,0.557248339757823,-0.377332663499201,8.98568279189661,0.590659419208059
"19","IA","XGBoost",99,5.74234288918852,6.83108836509129,0.678525524103264,0.460180237977044,4.16999614599979,0.233908791760006
"19","IA","XGBoost + lags",99,4.34437060192378,5.68579380289443,0.670883688581103,0.626017582665857,1.8499215443929,0.28359394836347
"19","IA","GraphSAGE",99,4.51092403675877,5.40097242434605,0.689392265048643,0.662547311395645,1.3949197109586,0.405010314886836
"19","IA","GraphSAGE + LayerNorm",99,4.86348726839804,6.11718340986922,0.591544189331294,0.567115558524198,0.927892333011247,0.459628097259243
"20","KS","OLS",105,7.3655445715581,8.69352447679423,0.69708175177418,0.367085149912788,-6.19114619654206,0.562451115613481
"20","KS","SEM",105,6.86112924311156,8.10832357988466,0.720068982216416,0.449426040363359,-5.54753217108528,0.619242849434072
"20","KS","XGBoost",105,5.84257340095157,7.63403707006913,0.641656169470688,0.511952545231955,-3.91891647229876,0.111950547623327
"20","KS","XGBoost + lags",105,5.73149893188477,6.98736024206393,0.707179213556729,0.591135134872195,-3.72163703264509,0.209824103511066
"20","KS","GraphSAGE",105,5.34713029279295,6.60624329929774,0.784862468248844,0.634520811878986,-3.96262970106674,0.48643275629872
"20","KS","GraphSAGE + LayerNorm",105,4.14680715065202,5.19639473001388,0.829087876481058,0.773870204225311,-2.53494235454794,0.306376953726215
"21","KY","OLS",120,4.66816279707167,5.76956062174789,0.617796705032188,0.530074671467919,-2.18632707133652,0.411987961338191
"21","KY","SEM",120,4.39557095553211,5.56006459925204,0.612381499104973,0.563581606034394,-1.76190572646245,0.459297352758933
"21","KY","XGBoost",120,4.53795017147064,5.59923486168285,0.609657252716109,0.557410872611791,-0.248948127428691,0.337292981192507
"21","KY","XGBoost + lags",120,3.82032326602936,4.90268084626907,0.679094350931721,0.660679094725675,-0.952485639254252,0.205881741428255
"21","KY","GraphSAGE",120,4.2770923667446,5.53795379632429,0.594368797706203,0.567045729209472,-1.37732877788685,0.427001380291633
"21","KY","GraphSAGE + LayerNorm",120,4.2740694450391,5.24179337300582,0.613799848791298,0.612114837863836,0.160723691319746,0.421146919122083
"22","LA","OLS",64,7.65210141488756,9.01539831424085,0.797487881572243,0.608829541148516,-6.17553164915658,0.0969372922912605
"22","LA","SEM",64,9.20147339648189,10.6585520417483,0.836927306653988,0.45324516655772,-8.85454362155967,0.0835331458821138
"22","LA","XGBoost",64,5.1425064817071,6.62235451482585,0.868067074148116,0.788932647229514,-3.4464232429862,0.214287434451753
"22","LA","XGBoost + lags",64,4.70727850139141,6.02428389960209,0.899085663867015,0.825334524194834,-3.89267722070217,-0.0049018270083153
"22","LA","GraphSAGE",64,2.76815765246239,3.75281126103179,0.93895701838313,0.932218736972389,-0.688590706727497,0.231456286677677
"22","LA","GraphSAGE + LayerNorm",64,4.74268244584434,6.14606220434816,0.891289799052729,0.818201576096833,-3.66606962050682,0.233632902257746
"24","MD","OLS",24,5.27228968771311,6.63678236775757,0.917456933108206,0.874715755726977,0.874914376751251,0.578184191763791
"24","MD","SEM",24,5.32307535834368,7.03437089105127,0.91814965304255,0.859255371032802,2.8548849322408,0.612828625806285
"24","MD","XGBoost",24,7.28035441716512,8.83532278483552,0.810127410105208,0.77796259381562,-0.167098229726155,0.209027680582923
"24","MD","XGBoost + lags",24,7.5451425965627,9.58806794515106,0.785944421755664,0.738516969029405,-1.15387990633647,0.320339094500633
"24","MD","GraphSAGE",24,6.40743484387643,7.78071231957565,0.8422929134233,0.827805204528525,-1.18030067406059,0.612259656526362
"24","MD","GraphSAGE + LayerNorm",24,5.63578967963809,6.89024348580544,0.915315779574228,0.864963727024757,-4.08037430410695,0.433901372223725
"26","MI","OLS",83,6.92812351959777,7.97937129067417,0.76226011696097,0.255899318714319,6.32827143767702,0.263856310160096
"26","MI","SEM",83,8.47792016650367,9.41640688519085,0.777133035603009,-0.0362505806538773,8.27563838636773,0.214429957766923
"26","MI","XGBoost",83,5.9631696742414,7.23281388640253,0.570083910538798,0.388623227994109,2.64271412217473,0.101618552522156
"26","MI","XGBoost + lags",83,6.3410043114352,7.65157949606728,0.580581995191325,0.315778772237324,3.82597955542875,0.439292231212723
"26","MI","GraphSAGE",83,4.23017459462106,5.43651983874492,0.692926710858648,0.654588884825926,-0.550426692635486,0.471479362492553
"26","MI","GraphSAGE + LayerNorm",83,5.18111279725736,6.61237285839322,0.608462165800967,0.489013973923025,-0.540656341338113,0.554226394869234
"27","MN","OLS",87,6.15623432477966,8.31411865954574,0.529629499305886,0.238326108965994,4.80148041818599,0.506508700676794
"27","MN","SEM",87,8.28191914560064,10.3586907835219,0.559494566900335,-0.182350856449518,8.15806442371705,0.509909156148348
"27","MN","XGBoost",87,5.94651534332626,7.45453369096638,0.488101464575365,0.387681197231609,0.489119001366627,0.249189314166249
"27","MN","XGBoost + lags",87,6.01592372324275,7.41830203319695,0.460167617399982,0.393618902252471,-0.286149114849923,0.496114712552316
"27","MN","GraphSAGE",87,6.61436382635482,7.88115013423812,0.532308979324943,0.315590808272753,-3.88370959274715,0.59642786784993
"27","MN","GraphSAGE + LayerNorm",87,6.50097754858834,7.8999680869021,0.507404818558567,0.312318556007923,-4.1551951123069,0.459336919268328
"28","MS","OLS",82,7.27337867740497,8.75339536252618,0.867110412903671,0.791525469505244,-1.73677309072126,0.283098535545913
"28","MS","SEM",82,8.0021036871111,9.21585145849803,0.906705736302575,0.768915483271489,-5.77782260505779,0.231265483801901
"28","MS","XGBoost",82,3.43425025335172,4.57814392347498,0.946113683108876,0.942973226788631,-0.243428656880449,0.0387832774422734
"28","MS","XGBoost + lags",82,3.69219639429232,4.90476936972877,0.93994004872322,0.934545863597302,0.0676293875531446,0.161410098222403
"28","MS","GraphSAGE",82,2.95790640427655,3.67193026733978,0.968614293878221,0.963314979564617,1.01653019388274,0.260145470248849
"28","MS","GraphSAGE + LayerNorm",82,3.20749304898373,4.21685418611061,0.96284208591611,0.951618750198223,1.04784637452572,0.219712180366619
"29","MO","OLS",115,3.79081957711786,4.77630949908271,0.784752356692769,0.745611792902727,-1.13089195417654,0.328122807641597
"29","MO","SEM",115,3.8816350342495,4.8919996141809,0.780573204552646,0.733139140100903,-1.87362213809559,0.382372188853222
"29","MO","XGBoost",115,3.70525447712774,4.66896737681111,0.766559803403466,0.756917479013594,-0.470306719904361,0.246546026011443
"29","MO","XGBoost + lags",115,4.19356310670272,5.21055861321864,0.730056320441096,0.697252459186757,-1.47614018813423,0.203948103190881
"29","MO","GraphSAGE",115,3.56249392305011,4.40862563396546,0.812583225051466,0.78327026701154,0.84637297025455,0.19487572522797
"29","MO","GraphSAGE + LayerNorm",115,4.19373621694511,5.3696101461209,0.739009386528471,0.678487721102781,1.26510742533355,0.416741938723602
"30","MT","OLS",56,8.90150689684141,14.31602013713,0.193420373672462,-0.0623262325961331,6.60585079549296,-0.00396959811926005
"30","MT","SEM",56,7.76371335337915,11.7273456754499,0.427842229734345,0.287126028693924,4.79423851414582,0.0238554988663473
"30","MT","XGBoost",56,6.44738555601665,8.49082038280609,0.670403314740613,0.626309022495691,2.60793395144599,-0.0357887280283716
"30","MT","XGBoost + lags",56,6.05141774926867,8.45505421182966,0.645386162991103,0.629450614197657,1.68392557348524,-0.0836084389868018
"30","MT","GraphSAGE",56,5.38259433077423,7.16709783281556,0.75314097184048,0.733743652439997,1.82175111829047,-0.0552849616674838
"30","MT","GraphSAGE + LayerNorm",56,5.81800456009876,8.17758029670902,0.710649042406918,0.653372560489898,1.27139659653233,-0.073644599524678
"31","NE","OLS",93,7.71524120091425,9.27306620395537,0.524995888128444,0.0184950014963267,-6.61181459048121,0.289291382973776
"31","NE","SEM",93,6.95283396683352,8.20557851077881,0.588174841749072,0.23146401851572,-5.58957629200176,0.410263983980199
"31","NE","XGBoost",93,6.33663879004858,7.79151669578573,0.67414397851233,0.307069294992437,-5.26256210429694,0.0521053246508635
"31","NE","XGBoost + lags",93,6.31186725616455,7.5973696440445,0.728921443999322,0.341171604116076,-5.45235721383044,0.211036786885937
"31","NE","GraphSAGE",93,4.12825278653218,5.08859122901611,0.813191045377695,0.704443221004418,-2.38857786839844,0.39175670343819
"31","NE","GraphSAGE + LayerNorm",93,4.96242628212978,5.98176624089695,0.806160353496308,0.591582192388664,-4.06482938013844,0.280822810320181
"34","NJ","OLS",21,5.33013820517161,6.66660859438331,0.875503078350923,0.745394193779954,4.76460665504338,0.269882234017887
"34","NJ","SEM",21,7.68732926904158,8.68297798896232,0.900178468535555,0.568087485350225,7.59958515243364,0.221429967750528
"34","NJ","XGBoost",21,7.795780120123,8.9464556147758,0.586690314324873,0.541477754082034,1.43936161949521,0.190674122236276
"34","NJ","XGBoost + lags",21,5.92321878342401,7.37334553405427,0.699033625879165,0.688550555376253,0.459947633289156,0.244997240547767
"34","NJ","GraphSAGE",21,5.2423390099244,7.14279154076199,0.785937644562104,0.707723203293095,3.0137371001647,0.616209985627129
"34","NJ","GraphSAGE + LayerNorm",21,7.3741973063859,8.44380704531395,0.770826253732876,0.591553679064793,-0.34745688154082,0.748061470027425
"35","NM","OLS",33,11.2571256174522,14.4589356410075,0.387577161816204,0.377756933958207,1.42967369198897,0.306880452752283
"35","NM","SEM",33,11.2489457835391,14.3001851958807,0.468995067623417,0.391345635930961,3.06879857400941,0.353975581923006
"35","NM","XGBoost",33,9.13719851175944,11.0595110475546,0.656534201537545,0.635951479768024,-1.15475090489243,0.263652108604666
"35","NM","XGBoost + lags",33,10.486368412827,12.6159373716798,0.538777038503758,0.526274824546767,0.770152328953599,0.223321700871821
"35","NM","GraphSAGE",33,12.4340469606595,14.3535803335322,0.585233126192503,0.38679186867712,-8.05350662122057,0.489926983340645
"35","NM","GraphSAGE + LayerNorm",33,11.0213894588406,13.5616088547284,0.666844095773668,0.452593632292229,-8.2982070943578,0.347353134400319
"36","NY","OLS",62,7.58827685115762,9.07898150599331,0.857556063496215,0.582919808963126,7.28816476308724,0.481289288633804
"36","NY","SEM",62,9.73507641681211,10.8677014819674,0.869375280516696,0.40238608381051,9.60372236112851,0.445887610465416
"36","NY","XGBoost",62,6.79859450309507,9.55795574962799,0.591851851157117,0.537751690036106,0.141515335575227,0.229429625397319
"36","NY","XGBoost + lags",62,5.31666086381481,7.17702862932885,0.743313822722601,0.739363846157427,0.833663451902328,0.32638668587034
"36","NY","GraphSAGE",62,5.68588357330344,7.26693353120993,0.754682760750726,0.732793095089147,0.174456204300996,0.550622486373454
"36","NY","GraphSAGE + LayerNorm",62,5.74802994470096,7.28307737228775,0.765252434735884,0.731604550461418,2.55921627301777,0.421625748339185
"37","NC","OLS",100,5.68256199756681,6.75238050158355,0.783213589581842,0.768282416324301,-0.471653563525374,0.472185705123389
"37","NC","SEM",100,5.11957727140478,5.89223761651495,0.850743521302811,0.823556492894459,-1.05785864608768,0.425181414605893
"37","NC","XGBoost",100,5.75697255706787,7.02626704361618,0.863713067808114,0.74910357081525,4.7363291305542,0.162867740621281
"37","NC","XGBoost + lags",100,7.11587950973511,8.80070498292178,0.828516115902972,0.606377330374314,6.50939898910522,0.129057967492669
"37","NC","GraphSAGE",100,4.2830245732988,5.56603974831078,0.914295834462194,0.842551769677478,3.47458275453711,0.237218459241678
"37","NC","GraphSAGE + LayerNorm",100,4.02944886427009,5.33795073965709,0.880907597866562,0.855191418228747,2.20755484266191,0.226726115403853
"38","ND","OLS",53,7.17401682608278,11.6591855390124,0.20061045728523,0.185770456427494,1.17696397926118,0.0530816776608333
"38","ND","SEM",53,6.66277613642924,10.4888974513685,0.39499224461421,0.34102322580737,2.38905696923544,0.138768130809744
"38","ND","XGBoost",53,9.02271433488378,11.2921579892317,0.519190516974395,0.236226966353697,-6.8080630917819,0.0184110289282974
"38","ND","XGBoost + lags",53,10.187835498306,11.9169060452683,0.569671586331255,0.14937633707734,-8.37118643490773,0.0279629216284161
"38","ND","GraphSAGE",53,6.53463575173882,8.14785082672201,0.65708248737696,0.602354046217651,-2.98275009646494,0.115853665618443
"38","ND","GraphSAGE + LayerNorm",53,5.84619369368836,8.70139285509831,0.639277174706966,0.546488835477286,-0.506201624139012,0.218684881055655
"39","OH","OLS",88,4.83779755601744,5.98686147476674,0.737653580668254,0.698668276359339,1.87710189942381,0.494870242249716
"39","OH","SEM",88,5.2436850074601,6.3039363313017,0.772947259554279,0.665904925270714,3.56163404950807,0.506800533054182
"39","OH","XGBoost",88,5.29445744124326,6.49737920675319,0.679864621918603,0.645086217043663,-0.00405907674269242,0.539504218421865
"39","OH","XGBoost + lags",88,5.57273516134782,6.66507202219796,0.666473763641702,0.626529648585318,-0.405340205972845,0.591113819330749
"39","OH","GraphSAGE",88,5.33384542963144,6.9346075439021,0.60652057325148,0.595712594476261,-0.810382932657959,0.57956865539939
"39","OH","GraphSAGE + LayerNorm",88,5.49217027769139,6.89281213930931,0.621956399263605,0.600571250069411,-0.833018753563133,0.645632276217423
"40","OK","OLS",77,5.74864851581484,7.19592396365284,0.393524170299373,0.0514599113159695,-3.13852270301543,0.589207522400052
"40","OK","SEM",77,6.23690848641723,7.79432091557033,0.510722223044296,-0.112856393272656,-5.61069489224963,0.574608073598338
"40","OK","XGBoost",77,4.21972740693526,5.525064513294,0.615561545497869,0.440812743075024,-1.2515257795755,0.1844769039485
"40","OK","XGBoost + lags",77,3.95847393283596,5.0069011181137,0.655923599375125,0.540780217900648,-0.82791918568797,0.32235004561699
"40","OK","GraphSAGE",77,4.15537250342596,4.92998505957228,0.60532446909535,0.554780922598628,-0.345397848894377,0.589849962812049
"40","OK","GraphSAGE + LayerNorm",77,4.82012216322326,6.0237612009811,0.468254058544057,0.335311671665285,-0.0622406901055545,0.600097594532709
"41","OR","OLS",36,6.18764269080132,7.79525892872074,0.85296444355362,0.762859637684431,1.41199955651396,0.527663105959945
"41","OR","SEM",36,6.96674562811387,9.2314827256539,0.850701641296819,0.667426752646678,3.88106534157677,0.583579758775633
"41","OR","XGBoost",36,7.90855563057794,9.48100722354256,0.662086731319247,0.649205041462023,-0.974784721798368,0.26763434808006
"41","OR","XGBoost + lags",36,7.41577241049872,8.72227498066224,0.710763777920004,0.703104280086518,-0.210819221072727,0.181191421579744
"41","OR","GraphSAGE",36,7.44836673212163,8.87648056544339,0.850929914353413,0.692513536589545,-6.14349610950516,0.328784595705067
"41","OR","GraphSAGE + LayerNorm",36,4.86557322913026,6.27849844100572,0.873567250208444,0.846164711677613,-2.47889349694094,0.306040586262741
"42","PA","OLS",67,4.45035364395217,5.41046674968151,0.909049688438832,0.821072473913947,3.56371503728256,0.37623525642743
"42","PA","SEM",67,5.78309587054249,6.9503660140908,0.91687785634117,0.704727471044799,5.4350860387281,0.483424290998995
"42","PA","XGBoost",67,4.95831360774254,6.30297887384434,0.843533789196739,0.757171646344182,3.657552535783,0.227551897716657
"42","PA","XGBoost + lags",67,5.60095265744337,6.870486330965,0.858677755299052,0.711475529765136,4.88529289473349,0.257326816118135
"42","PA","GraphSAGE",67,5.18407668391857,6.65459324585258,0.847897717176196,0.729323394009534,4.35333169141329,0.3570298620893
"42","PA","GraphSAGE + LayerNorm",67,6.75103225399472,8.48166942228686,0.642045199139806,0.56028591662035,3.58453257290119,0.470889948834958
"45","SC","OLS",46,6.56016461905372,7.87352106124383,0.698932754648924,0.625446893387854,-1.72662470366049,0.33026435081048
"45","SC","SEM",46,5.86418060291171,7.32587913502414,0.823430846555062,0.67573885273252,-3.78519016449719,0.29958727532949
"45","SC","XGBoost",46,4.25140959532365,5.41173271608322,0.823494272587161,0.823051007586181,-0.195208015441895,0.232213749038188
"45","SC","XGBoost + lags",46,4.51632794421652,5.82791242638224,0.797726645057336,0.794788615314975,-0.291391211799953,0.258622168505134
"45","SC","GraphSAGE",46,3.43662298855432,4.0983108113925,0.9055915862984,0.898518892094758,-0.87182986314814,0.349798596159783
"45","SC","GraphSAGE + LayerNorm",46,4.8112109632448,6.20744337354924,0.865830936875676,0.767190365305438,-1.60375684539995,0.266050187453335
"46","SD","OLS",66,11.7159514462538,21.7499239486175,0.0606614014154486,-1.20548616784967,9.56441704435488,0.127138453954107
"46","SD","SEM",66,10.4259971580543,18.1467943439906,0.000330667736289514,-0.53528387216312,8.37933975386284,0.108267422615312
"46","SD","XGBoost",66,9.2444536969156,13.4508969726613,0.39105428741579,0.156487844627306,6.97797670162085,0.0967564069310837
"46","SD","XGBoost + lags",66,9.93751826849851,13.7693672108387,0.395298545120583,0.11607215055554,7.70109851447019,0.200832346383981
"46","SD","GraphSAGE",66,6.92560257294248,9.74493852205223,0.715654650635602,0.557261733639714,5.62878222521445,0.20197352095347
"46","SD","GraphSAGE + LayerNorm",66,8.07969756280649,10.9308825461113,0.552347445606369,0.442943420094501,4.83070094246184,0.27963125238706
"47","TN","OLS",95,5.28437106902529,6.27048014538459,0.696326552130636,0.539079508201891,-2.54679349464305,0.231015594225101
"47","TN","SEM",95,5.17613181679564,6.12314634235211,0.74256002021782,0.560485000729435,-3.21643191830635,0.255924965122266
"47","TN","XGBoost",95,4.14643162456312,5.33750120786417,0.730108363864348,0.666035430170822,-0.0387968155710321,0.170678201661455
"47","TN","XGBoost + lags",95,3.91232042814556,5.20393792850306,0.738840699486597,0.68254027333261,0.0389495857640327,0.311827293509863
"47","TN","GraphSAGE",95,3.23697488598574,4.07295857450385,0.825707032362049,0.80553367438138,0.948677455768521,0.326484446043538
"47","TN","GraphSAGE + LayerNorm",95,3.62869142876317,4.40892109926715,0.775832771480772,0.772128990521002,0.465793265869581,0.453807706998792
"48","TX","OLS",254,11.2541704272548,13.1794924682074,0.534215633478283,0.363373844595122,-6.34345226541262,0.651882104067773
"48","TX","SEM",254,12.8842780169511,14.205740254639,0.605840418606791,0.260369445179065,-9.0873706724233,0.673014074864496
"48","TX","XGBoost",254,6.98541198944482,10.4391034145127,0.601976637832737,0.600594993188376,-0.607370634867451,0.501828592982014
"48","TX","XGBoost + lags",254,7.59445986424844,10.9619214457969,0.569400707830691,0.55958664901466,-0.846260311246857,0.609767596520597
"48","TX","GraphSAGE",254,6.8733019720504,10.7975018508259,0.605855669972559,0.5726992262637,2.67589810069979,0.589942645415775
"48","TX","GraphSAGE + LayerNorm",254,7.08059019068898,10.6155761617641,0.589288350913902,0.586976991365479,0.503525680021077,0.610054740598468
"49","UT","OLS",29,31.217962814684,36.5949126713698,0.131257499749089,-5.74347323874012,-29.2211381470924,0.358779277594372
"49","UT","SEM",29,28.326233878997,32.7165499372114,0.147439213166539,-4.38985656062964,-26.563044427786,0.308045847243212
"49","UT","XGBoost",29,9.28258834707326,11.5684343854682,0.597660237920712,0.326106319941537,-6.16123753909407,-0.0392215772108492
"49","UT","XGBoost + lags",29,7.78385081718708,9.10905356074049,0.696861955306746,0.582180486014398,-4.09570945871287,-0.0826865429801126
"49","UT","GraphSAGE",29,7.85260456695569,10.7113999830481,0.589544790491776,0.422257013538389,5.662097973256,0.0615035727240692
"49","UT","GraphSAGE + LayerNorm",29,6.55055821317972,9.10166688505814,0.638677677353919,0.582857844174466,2.0934636975342,-0.0830671529517032
"51","VA","OLS",133,5.21884962573426,6.58252306780275,0.854531401366521,0.852561906345118,-0.399687196617208,0.311414572652354
"51","VA","SEM",133,4.82264049625648,6.19162837315609,0.875099925858828,0.869552821220417,0.180683429549111,0.389600319414792
"51","VA","XGBoost",133,5.56922061145754,7.2508711519222,0.822241756068693,0.821102075119502,0.214689021863436,0.0226085338342931
"51","VA","XGBoost + lags",133,5.25920257597041,6.59347020871497,0.855631416671408,0.852071101320247,-0.131631001350574,0.182372003611602
"51","VA","GraphSAGE",133,5.1021376325196,6.82949674856158,0.909309429675841,0.841290715894692,-2.95239160415619,0.382197077716235
"51","VA","GraphSAGE + LayerNorm",133,4.10553379933467,5.48056150708905,0.912587218081275,0.897794318206846,-1.90314775104374,0.157131769485872
"53","WA","OLS",39,9.1841682125237,11.2196956063391,0.609714012924272,0.222900503636871,7.72963071290345,0.607772545136414
"53","WA","SEM",39,10.7142750012967,13.2076513021245,0.506066494912858,-0.0768759239906338,9.5984801212209,0.604665086284152
"53","WA","XGBoost",39,6.9854757416554,8.42081284138173,0.739355431978316,0.562253675434368,5.30723977895883,0.365096335669127
"53","WA","XGBoost + lags",39,7.96373610080817,10.1884850325704,0.62645138664934,0.359183475834711,6.53471932240021,0.25839333944057
"53","WA","GraphSAGE",39,7.04494663127046,8.18195700665206,0.795415802417158,0.586734772772022,5.78025691291682,0.0578117758618012
"53","WA","GraphSAGE + LayerNorm",39,5.77600048225312,7.10959051101464,0.789626277312105,0.68796475339343,3.94126441509245,-0.0137953889159316
"54","WV","OLS",55,3.33105982593487,4.21087823123146,0.65808067398608,0.607037839536907,0.261020731518566,0.0825035868212681
"54","WV","SEM",55,3.15301502747762,3.95438255474191,0.665941560108339,0.653452531890517,0.111868714276323,0.0885913275191099
"54","WV","XGBoost",55,4.9897438361428,6.28585430574868,0.556329453610056,0.124343071041456,-3.85095066486705,0.161955619807919
"54","WV","XGBoost + lags",55,5.15281829972701,6.1297070001663,0.546838460365154,0.167307220683549,-4.01279330583052,0.269698259428912
"54","WV","GraphSAGE",55,3.70558217202421,4.6404999512316,0.584512764470835,0.52276211529453,-1.09559681371658,0.223832355157261
"54","WV","GraphSAGE + LayerNorm",55,4.20427716805439,5.14351178840542,0.583870630197075,0.413693314635375,-2.68399817324427,0.274697945680513
"55","WI","OLS",72,13.343476365021,16.4118150828474,0.159596563142596,-1.71821971562781,12.5141110504739,0.335391226067476
"55","WI","SEM",72,15.1591733477246,17.4601745410257,0.242722086574125,-2.07658196466725,14.7967137576306,0.359774379564905
"55","WI","XGBoost",72,10.1920974302292,13.9224115718966,0.242192422961207,-0.956141489366083,9.85121325969696,0.18954603852807
"55","WI","XGBoost + lags",72,10.4020895184411,13.3188312374787,0.217106613075663,-0.790208274785658,9.12797901683383,0.340889006795789
"55","WI","GraphSAGE",72,9.65842353588856,12.290661600676,0.23995456954376,-0.52448042058509,7.33616402385316,0.515144666991345
"55","WI","GraphSAGE + LayerNorm",72,10.4471710334129,13.3503168149996,0.207069036895467,-0.798682346484471,8.80901812108884,0.47149789907504
"56","WY","OLS",23,8.00948416647747,8.90439064286528,0.713829556119867,0.520993763093917,-5.62926615794097,0.21451606511638
"56","WY","SEM",23,8.47036242372633,9.4792898221161,0.752378666892848,0.457144349882626,-6.78155720060735,0.166865668643919
"56","WY","XGBoost",23,6.63322572127632,8.21559043831748,0.863141093748082,0.592234648243743,-6.21352540721064,-0.161025393625823
"56","WY","XGBoost + lags",23,5.96016550561656,8.44479561816438,0.749584991597146,0.56916493226289,-5.42811682742575,-0.0190765252915644
"56","WY","GraphSAGE",23,5.16279492968414,6.13406435099185,0.896763205682724,0.772684309243618,-2.15502188752172,0.191449447253892
"56","WY","GraphSAGE + LayerNorm",23,4.15969539518936,5.98784174105883,0.796131980582298,0.783392551938129,0.752928631387739,0.364317755970097
