"design","label","arm","mae_mean","mae_sd","rmse_mean","rmse_sd","rsq_mean","rsq_sd","rsq_trad_mean","rsq_trad_sd"
"block","A","GraphSAGE",0.803967215262146,0.00652498097295672,1.00896684446122,0.0138599072890672,0.347886688382456,0.0171738142322157,0.34516823949492,0.0178784031912076
"block","A","GraphSAGE + LayerNorm",0.81375271158314,0.00809607170340949,1.02064184674966,0.0134214909467741,0.331016713028522,0.0144150198889507,0.329988266694484,0.0149148592505494
"block","A","OLS",0.796679774937628,0.00415269213434701,0.998618807643182,0.0106691099194074,0.359327047520186,0.0183527392518759,0.358478303095922,0.0181957988529752
"block","A","XGBoost",0.91260885799311,0.00961727324803908,1.14524421571956,0.0129057591074485,0.225821002844741,0.0202737170916209,0.156067734693693,0.0315832864642454
"block","A","XGBoost + lags",0.892913055947131,0.00468708649096553,1.12373860131913,0.00683028707083074,0.238255614202766,0.0165456427745027,0.187605380742309,0.0227101166750707
"block","B | Ix=0.0","GraphSAGE",0.878976916910145,0.0223393629504904,1.11625314629959,0.0284296109816328,0.968039730123134,0.00192189515109036,0.96788281828071,0.00199365771557961
"block","B | Ix=0.0","GraphSAGE + LayerNorm",0.913258523487739,0.00918176592422926,1.16274643383571,0.0263720686002568,0.965419703245181,0.0018190496055054,0.965167444659047,0.00172250502047576
"block","B | Ix=0.0","OLS",2.06525352149737,0.0471933945085038,2.93489896024938,0.0777504909782812,0.779097000525164,0.0140327201781591,0.777990293490795,0.0135955899914722
"block","B | Ix=0.0","XGBoost",1.01871468374936,0.0176347089762842,1.2903291683425,0.0224847285711717,0.957193007250452,0.00288668971444786,0.957056681794158,0.00289220153389407
"block","B | Ix=0.0","XGBoost + lags",1.03089341049237,0.0152060600463199,1.32013197820292,0.0295855831286991,0.955266020988386,0.00216664840965022,0.955098726950016,0.00220567703650235
"block","B | Ix=0.4","GraphSAGE",0.904817312773732,0.0233240521652203,1.1492961924762,0.0295192013050807,0.964136498108638,0.00485419688478062,0.964015758199009,0.00485078040126847
"block","B | Ix=0.4","GraphSAGE + LayerNorm",0.936917451208849,0.0484194739431871,1.20551305139717,0.0718456695434614,0.960853571654062,0.00475411626692435,0.96056387352674,0.00467753767068976
"block","B | Ix=0.4","OLS",2.05809927586513,0.0918977886021009,2.89875786214976,0.138133429672301,0.775339687609962,0.0318171616360267,0.770913087745926,0.0357419039914538
"block","B | Ix=0.4","XGBoost",1.03439997131393,0.0248481357661964,1.3318418980556,0.0621526397300228,0.951945917414829,0.0059429931511902,0.95178430475687,0.00590384370008275
"block","B | Ix=0.4","XGBoost + lags",1.04486677154659,0.0350501080008852,1.3446349804357,0.0579360887777453,0.950993485041218,0.00583119704415847,0.95087589204658,0.00579386837372668
"block","B | Ix=0.7","GraphSAGE",0.933663101956973,0.0370756550232744,1.19176163842746,0.0551630147041549,0.9543274757447,0.0111625386453422,0.954046015776111,0.0110118845447714
"block","B | Ix=0.7","GraphSAGE + LayerNorm",0.992251077740419,0.0717486799716177,1.27817838885064,0.111797072041694,0.947801210966702,0.0139920401946069,0.947226426595553,0.0137309029770119
"block","B | Ix=0.7","OLS",2.06918117427711,0.200711071861887,2.8936640292238,0.322472589370655,0.755969991705813,0.0441393277588204,0.733614839102057,0.0501000417385122
"block","B | Ix=0.7","XGBoost",1.05329477145364,0.0530899005328453,1.35801016871953,0.0950625046142945,0.940336176018806,0.0177522866042394,0.939853558635735,0.0182694425130856
"block","B | Ix=0.7","XGBoost + lags",1.05966464470654,0.0515512159602026,1.3567779850534,0.0673930075295377,0.939925838483467,0.0185053189262337,0.939732382044044,0.0184629336026744
"block","C | Iu=0.0","GraphSAGE",0.804779352493773,0.0198928288118875,1.01032692434381,0.0217148651371508,0.342358024023312,0.0147045534457935,0.338342445321885,0.0113188043162221
"block","C | Iu=0.0","GraphSAGE + LayerNorm",0.812796024921022,0.021467288318874,1.01995855605421,0.0212632254085007,0.327521813753076,0.0214106837787664,0.325438919321241,0.0216169710053732
"block","C | Iu=0.0","OLS",0.794911523865458,0.0168076629331695,0.998136753661278,0.0195689491941865,0.354749553043688,0.0181854899061499,0.354039098568765,0.0179151723502325
"block","C | Iu=0.0","SEM",0.794912048090412,0.0168087095738274,0.998138335977772,0.0195704613535092,0.354749695846497,0.0181849765340801,0.354037170868514,0.0179115033839217
"block","C | Iu=0.0","XGBoost",0.90702622616408,0.0180292692256403,1.1414190629049,0.0116988222953984,0.227937282086454,0.0195999061029981,0.154699283684373,0.0361496884700584
"block","C | Iu=0.0","XGBoost + lags",0.880774530977893,0.0142828318977075,1.10864358240676,0.00949474158112467,0.250887477297692,0.0184772649018234,0.20264589753985,0.0310267492908096
"block","C | Iu=0.4","GraphSAGE",0.828349509412623,0.0251167147523541,1.0356793650067,0.0309152234544625,0.325558774945054,0.0216001318802147,0.29898633815016,0.0277530789141599
"block","C | Iu=0.4","GraphSAGE + LayerNorm",0.830015445480322,0.0202720905121389,1.03680554959732,0.0250490746614695,0.320941512754756,0.0140616237823682,0.297101254535057,0.0326372013070665
"block","C | Iu=0.4","OLS",0.80326716421421,0.0246630031710305,1.00333870526574,0.0296096388996042,0.360195812443235,0.0179476601863264,0.341552490661097,0.0391194532235959
"block","C | Iu=0.4","SEM",0.802518037496788,0.0241183535166668,1.00241933099853,0.0286022432051205,0.360352263939294,0.0178133895915227,0.342864208440886,0.0360214456110483
"block","C | Iu=0.4","XGBoost",0.914378078778082,0.00904356175603489,1.14369183996705,0.0168118127233354,0.231797193348827,0.0176091175014651,0.143891606675516,0.052759454842997
"block","C | Iu=0.4","XGBoost + lags",0.907027109303823,0.021852691882354,1.1346709291519,0.0302739635400656,0.235136962508673,0.0305532138423331,0.156720765381636,0.068547245322412
"block","C | Iu=0.8","GraphSAGE",0.956931718753446,0.131351665838158,1.19087818308014,0.140701141029069,0.217615669097866,0.0834917463805951,0.00555593791810848,0.138830034408569
"block","C | Iu=0.8","GraphSAGE + LayerNorm",0.924827047634065,0.10540894328858,1.15183213882789,0.1190756170835,0.261306696943568,0.104797871438778,0.057041702582913,0.193871674925157
"block","C | Iu=0.8","OLS",0.81191660118884,0.103032875999264,1.01434178046008,0.114844651359403,0.377392041494668,0.0710836600490408,0.280335446593538,0.0769603455946808
"block","C | Iu=0.8","SEM",0.811103788693922,0.107727411674701,1.01223898970428,0.121488782355053,0.377730704244114,0.0715268266959117,0.284777252858936,0.0698990153652612
"block","C | Iu=0.8","XGBoost",0.938745383956119,0.0847461444279061,1.17164644909806,0.0968135702936379,0.222156764853729,0.0425159375673815,0.037540697111072,0.0720679064489674
"block","C | Iu=0.8","XGBoost + lags",0.91978157217243,0.0750281473986206,1.14879718808641,0.0870324708506029,0.241224037006514,0.0417222651821973,0.074004526612681,0.0668561305535278
"block","D | Iu=0.0 Ix=0.4","GraphSAGE",0.87063016075642,0.0153007647947382,1.09629380655036,0.0221451652499429,0.937673698522887,0.00380375838135803,0.937274880193712,0.00391490687146535
"block","D | Iu=0.0 Ix=0.4","GraphSAGE + LayerNorm",0.874234366084861,0.0180793962087605,1.10685692868284,0.0201766468870696,0.936222775429725,0.00324946562842655,0.936094108181828,0.00327301087862837
"block","D | Iu=0.0 Ix=0.4","OLS",2.38007751585706,0.0806583044593189,3.23531797761226,0.129101934169172,0.456485286744623,0.0184882542158934,0.454887715034438,0.0184832043410342
"block","D | Iu=0.0 Ix=0.4","SEM",2.37951560975242,0.0811459147353184,3.23516508479901,0.129436720285398,0.456522761549184,0.0184798473962258,0.454944255976483,0.0184376516840306
"block","D | Iu=0.0 Ix=0.4","XGBoost",1.00334422231668,0.0318776089132132,1.29543790684378,0.0471590594052577,0.913097902692329,0.00567281570094467,0.912454051890133,0.0061882828115783
"block","D | Iu=0.0 Ix=0.4","XGBoost + lags",0.99997503120668,0.0348833208267759,1.28691303502831,0.0501803469724172,0.914214886242794,0.0048976282600713,0.913648740860671,0.00544640478795725
"block","D | Iu=0.4 Ix=0.4","GraphSAGE",0.898954701893627,0.01550255463012,1.12400570145224,0.0187246024930404,0.935665662894152,0.00499965592309164,0.933726986814587,0.00584979499917536
"block","D | Iu=0.4 Ix=0.4","GraphSAGE + LayerNorm",0.897688525489955,0.0194499836131912,1.12948415967019,0.0256936387489815,0.934516047320131,0.00548782088363921,0.933104408980725,0.00566123092595233
"block","D | Iu=0.4 Ix=0.4","OLS",2.38037690008064,0.11649718771378,3.226455735468,0.141484736003059,0.457526236173966,0.0204307304445015,0.456078322581011,0.0205907189628439
"block","D | Iu=0.4 Ix=0.4","SEM",2.37919329191297,0.11639105762796,3.22641694078942,0.141339158957205,0.457515247957872,0.0203815430732558,0.456094750190875,0.0204208490591728
"block","D | Iu=0.4 Ix=0.4","XGBoost",1.01002000361979,0.016812773570354,1.30293270538265,0.0329850332863278,0.913059828700561,0.00446058337518947,0.911141234555172,0.00501130440992249
"block","D | Iu=0.4 Ix=0.4","XGBoost + lags",1.0121159042052,0.0196818816732506,1.2958194007577,0.032779452748354,0.913516942872775,0.00592394221713269,0.912001957281277,0.00689039589913317
"block","D | Iu=0.8 Ix=0.7","GraphSAGE",0.959734762908802,0.145297566193067,1.20813392566003,0.181562115227485,0.937764526410168,0.0155201829325192,0.927665905656202,0.0158222847164562
"block","D | Iu=0.8 Ix=0.7","GraphSAGE + LayerNorm",0.982117935980883,0.129364598757495,1.25519202503205,0.157803709239197,0.932354386900912,0.0187307467423948,0.921204995544519,0.0188030924221274
"block","D | Iu=0.8 Ix=0.7","OLS",2.56026218981802,0.344530144633316,3.54942026163419,0.736736813054948,0.417934605734836,0.0858619330422262,0.386189859466581,0.126607433000599
"block","D | Iu=0.8 Ix=0.7","SEM",2.52527411629891,0.37205243239369,3.51709297487717,0.785503533393658,0.428322981791355,0.09514564818548,0.397516967831355,0.142194321721147
"block","D | Iu=0.8 Ix=0.7","XGBoost",1.04812886229295,0.118927536040125,1.38980938939393,0.243493529104475,0.913474142513913,0.012671182559756,0.90529583471729,0.0164380382114591
"block","D | Iu=0.8 Ix=0.7","XGBoost + lags",1.05689498363835,0.131239679150411,1.3948981678862,0.224226996931146,0.912797223860405,0.011750850103132,0.904381493448168,0.0157148488085656
"block","E | Ix=0.0","GraphSAGE",0.837115888361549,0.017795361485475,1.05365587141905,0.0211668402753761,0.432799404573178,0.0158922574162625,0.429337560238154,0.0165699585271305
"block","E | Ix=0.0","GraphSAGE + LayerNorm",0.85103908228441,0.0227309168796985,1.07015696168274,0.0263308360807031,0.413937198278147,0.0154830151184533,0.411419970722795,0.017214731941193
"block","E | Ix=0.0","OLS",0.939540738268719,0.0280837787263161,1.18145847334199,0.0313137283983872,0.284797120733843,0.0169494422655579,0.282736963560966,0.0182584288731607
"block","E | Ix=0.0","XGBoost",1.07058993094552,0.0244364299369507,1.34738815397431,0.0323928427641795,0.162934269952118,0.0188956351611463,0.0667478148354054,0.0341600829532731
"block","E | Ix=0.0","XGBoost + lags",0.927531250157312,0.0199498258869892,1.17175692431822,0.0226655174933664,0.334387937600085,0.0164279827732183,0.294238199159488,0.0197709068885668
"block","E | Ix=0.4","GraphSAGE",0.812577253890449,0.0152583702157409,1.01828432635077,0.0174646786896954,0.510331938118527,0.0385965359766116,0.508735478554169,0.0380706613985599
"block","E | Ix=0.4","GraphSAGE + LayerNorm",0.821647224885216,0.0182562361492993,1.0316540819846,0.0199974370273026,0.498119081977605,0.0379565114656259,0.495836740926679,0.0382759863363603
"block","E | Ix=0.4","OLS",0.880416782773503,0.0180959107010336,1.10861710429821,0.0213237438417055,0.422170666380287,0.0461696938060767,0.417733182473776,0.0458739909699715
"block","E | Ix=0.4","XGBoost",1.01267193381871,0.0183037912376463,1.27427219664671,0.0260552893923695,0.290994846199428,0.0313335251310509,0.231162238095479,0.0544521285631655
"block","E | Ix=0.4","XGBoost + lags",0.910483936969846,0.0161862167185474,1.14294526075282,0.0184409661894957,0.407041458575578,0.0463038004809033,0.380560299582416,0.0552250205076656
"random","A","GraphSAGE",0.80119131731454,0.0159792551630268,1.00548439418285,0.0220653489923651,0.35248908406977,0.0347655871198707,0.349199937353278,0.0362461317226225
"random","A","GraphSAGE + LayerNorm",0.812283543145654,0.0133840378928347,1.01860842992873,0.0168510599093745,0.333753578972017,0.0322854962775768,0.332170579447747,0.0327840835311947
"random","A","OLS",0.797150764741165,0.0163442477393859,0.999029557717136,0.0210021859015432,0.3593535821469,0.0361016411133514,0.35749521214617,0.0359368327490697
"random","A","XGBoost",0.915469048707481,0.0198318317638532,1.15035283566199,0.0220244867895789,0.222421490945386,0.0258745339438379,0.14827297113329,0.0423648866208076
"random","A","XGBoost + lags",0.896887632275422,0.0115093310443815,1.12371956165809,0.0116754956654147,0.242001172319754,0.0195276682707393,0.187399356983815,0.0324375861157863
"random","B | Ix=0.0","GraphSAGE",0.879081014992693,0.0196972856687482,1.10966559756971,0.0267905394216845,0.968428262179216,0.000824842231469721,0.968291160489857,0.000863136373414402
"random","B | Ix=0.0","GraphSAGE + LayerNorm",0.906399049413073,0.0240333612316287,1.15935421920783,0.0341898683839918,0.965471912978518,0.00198728980361517,0.965359291191217,0.00198602355709799
"random","B | Ix=0.0","OLS",2.06442787921335,0.0757741501839687,2.93257935121253,0.122993866277669,0.778930109583312,0.0159568763437412,0.778366799302295,0.0158277442763808
"random","B | Ix=0.0","XGBoost",1.01602099243285,0.0288949113256148,1.29664448973608,0.0383447082709452,0.956781697977644,0.00232082236842626,0.956676498905911,0.00233662771682528
"random","B | Ix=0.0","XGBoost + lags",1.02594698872672,0.0236221426580315,1.31643996307055,0.0311766862888999,0.955474403971528,0.00236105777495095,0.955332084223669,0.00240784137440772
"random","B | Ix=0.4","GraphSAGE",0.898686712143557,0.0203715186067559,1.13871866656905,0.03252833993752,0.965502133217301,0.00265814004125757,0.965252054486657,0.00267009820842414
"random","B | Ix=0.4","GraphSAGE + LayerNorm",0.931778769429691,0.0277481832230771,1.19846866230632,0.0503672074374674,0.961663634116583,0.00294024137722228,0.961541392791494,0.00294914348537796
"random","B | Ix=0.4","OLS",2.0494100540556,0.075667624633902,2.88499083843215,0.158472204164156,0.77859485979997,0.00860308437690444,0.777739962450332,0.00900452721615607
"random","B | Ix=0.4","XGBoost",1.0191928968856,0.0177448873528482,1.29886645962177,0.0246751300479856,0.954916115759504,0.00318719076833331,0.954789876913134,0.00324092273030587
"random","B | Ix=0.4","XGBoost + lags",1.02542955696653,0.0157259547341467,1.30840374412943,0.0239591531109939,0.954273376770128,0.00342534765891696,0.954109266569245,0.00345309932544723
"random","B | Ix=0.7","GraphSAGE",0.908585314328896,0.0134986152583701,1.14859083217874,0.0172116430338327,0.9623648288786,0.0021791341621361,0.962218722726815,0.00222490011966634
"random","B | Ix=0.7","GraphSAGE + LayerNorm",0.963054989424084,0.0267185705222261,1.23588628243449,0.0342032248645641,0.956679961210563,0.000870612728245093,0.956332606344819,0.000816663565585603
"random","B | Ix=0.7","OLS",2.01875054767186,0.0488527350359965,2.82668211620186,0.087489094595803,0.772120103248667,0.0190298216299796,0.770973997640599,0.0192923183973784
"random","B | Ix=0.7","XGBoost",1.03265085878705,0.025466782526566,1.31419265413488,0.039655894045097,0.950639235569955,0.00347678855114236,0.950532311196917,0.00351633486167843
"random","B | Ix=0.7","XGBoost + lags",1.03534031014055,0.0279692224645437,1.314725358291,0.0420675122733122,0.950609178867071,0.00303571478286751,0.950520951362394,0.00305605836856161
"random","C | Iu=0.0","GraphSAGE",0.804133103438057,0.0191980648715518,1.00874851734743,0.0214305921252082,0.345899881950093,0.0272637951687454,0.340309554408999,0.0305476574304767
"random","C | Iu=0.0","GraphSAGE + LayerNorm",0.81264202923609,0.0199392477757998,1.02113828742749,0.0250907473442053,0.326003964529328,0.0289447741976715,0.32410447388863,0.0311442156806861
"random","C | Iu=0.0","OLS",0.795059260357448,0.0187431118375945,0.998409544762862,0.0238920136570897,0.355004448252593,0.0292933814980964,0.353859364507645,0.029056767951762
"random","C | Iu=0.0","SEM",0.795057352590508,0.018743740969339,0.998407445890527,0.0238933309220477,0.355007324482042,0.029297094272336,0.353862002021512,0.0290597302935023
"random","C | Iu=0.0","XGBoost",0.915950245465824,0.0157117483549514,1.15223902779335,0.0166046809944569,0.216034612844041,0.0113640891210604,0.1396328874146,0.0229208151168748
"random","C | Iu=0.0","XGBoost + lags",0.90056068622072,0.0221638085171114,1.13171399896796,0.0273417064172021,0.224415042582164,0.0231554994258783,0.169871748277477,0.0357146940596819
"random","C | Iu=0.4","GraphSAGE",0.825760730533692,0.0244141022528609,1.03148091931059,0.0245205545059564,0.322799292080522,0.0136277091410499,0.314665340935543,0.0175514860311968
"random","C | Iu=0.4","GraphSAGE + LayerNorm",0.822314142375993,0.0154708536119647,1.02980660079645,0.0146415237021176,0.321263070426339,0.0109490672872688,0.316761565505259,0.0131071001040052
"random","C | Iu=0.4","OLS",0.80061893326223,0.0192239455927398,1.00000534067173,0.019441047355912,0.356832257705257,0.0200138883659373,0.355665177841508,0.0199548939168663
"random","C | Iu=0.4","SEM",0.800412415580656,0.019317192419486,0.999768889390084,0.0195362278155679,0.357032366247582,0.019835986123642,0.355978011918082,0.0197082644902735
"random","C | Iu=0.4","XGBoost",0.915442365889284,0.0234807914746298,1.15095480537135,0.0218691713161006,0.219683294833832,0.016239610630315,0.146343576454347,0.0306032379638048
"random","C | Iu=0.4","XGBoost + lags",0.90100028741252,0.0193491760550538,1.13082162803288,0.0207747309834025,0.233330651579591,0.0270436398942407,0.175499213511162,0.0417956901133772
"random","C | Iu=0.8","GraphSAGE",0.88703996421841,0.0486138941687424,1.11585026552372,0.0587705619618075,0.250075330476219,0.0492586856727626,0.181230625339758,0.0932706914857139
"random","C | Iu=0.8","GraphSAGE + LayerNorm",0.910275391517463,0.0650635829001696,1.12987341916733,0.0778817043737504,0.234896328138734,0.0602211348644743,0.161047054556222,0.107478663408193
"random","C | Iu=0.8","OLS",0.797649646278904,0.01423693121149,1.000422229574,0.0121246673224902,0.34502168963623,0.00966738934087684,0.344080899631113,0.00980705628204753
"random","C | Iu=0.8","SEM",0.79815795939385,0.0144696784180876,1.00082120167342,0.0119533119681848,0.345295277087248,0.00986224625795502,0.343539268528376,0.0110717553944687
"random","C | Iu=0.8","XGBoost",0.921469011925325,0.0146290581817734,1.15728833973218,0.0119511683968649,0.203152718531926,0.0124718434333546,0.121795034829225,0.0330902001999014
"random","C | Iu=0.8","XGBoost + lags",0.899059876769,0.0158153210270779,1.13114793258531,0.0188253543795841,0.221369581756832,0.0188034333779679,0.161032584343563,0.0348330561851649
"random","D | Iu=0.0 Ix=0.4","GraphSAGE",0.869662867989384,0.0296877077317769,1.09394647618277,0.0375023783380534,0.938014821895612,0.00562367323237982,0.9375719818201,0.00553750264395691
"random","D | Iu=0.0 Ix=0.4","GraphSAGE + LayerNorm",0.870499332413651,0.0177453557251802,1.09886079899687,0.0250973330317722,0.937385640529186,0.00381331362553063,0.937089065942787,0.00374177196099711
"random","D | Iu=0.0 Ix=0.4","OLS",2.37687057153553,0.0735827496648799,3.2310435690249,0.131808076882539,0.458332958471129,0.0347125594837842,0.456447274371698,0.035643236365383
"random","D | Iu=0.0 Ix=0.4","SEM",2.37658671745888,0.0737940638484448,3.23094098536197,0.131725391381909,0.458362962357647,0.034679910264986,0.456484315811576,0.0355764092229533
"random","D | Iu=0.0 Ix=0.4","XGBoost",0.988836465087742,0.0305189260149242,1.27212834318918,0.0387403583304024,0.915934705045051,0.00579033775796231,0.915660461173591,0.00588278111706787
"random","D | Iu=0.0 Ix=0.4","XGBoost + lags",0.983446367704957,0.025864844044924,1.27186291847321,0.0308185636016992,0.915921636087644,0.00685117832573573,0.915606746771906,0.00699511843394835
"random","D | Iu=0.4 Ix=0.4","GraphSAGE",0.882093454190821,0.0251532471476419,1.10320166631121,0.0273047119222389,0.936692458654178,0.00271655767236362,0.936371100902759,0.00280819620978241
"random","D | Iu=0.4 Ix=0.4","GraphSAGE + LayerNorm",0.892408025414318,0.0310754834141458,1.12061540687328,0.0407184639192576,0.934644131837063,0.00358233034379158,0.934360997885551,0.00352937521062396
"random","D | Iu=0.4 Ix=0.4","OLS",2.37763203492786,0.092330749300879,3.22277258691863,0.16304692478904,0.45884323662101,0.0449224653589045,0.456768386805055,0.045901599063071
"random","D | Iu=0.4 Ix=0.4","SEM",2.37717846886989,0.0925240940553459,3.22267374521035,0.162833522754488,0.458862442033095,0.0448675073528315,0.456806176657072,0.0457885561076594
"random","D | Iu=0.4 Ix=0.4","XGBoost",0.994647689665836,0.0145471828205389,1.28332697434247,0.0260652473198294,0.91438278854602,0.00436512126603424,0.91384557807488,0.00476817960101043
"random","D | Iu=0.4 Ix=0.4","XGBoost + lags",0.990251408980105,0.018700261030767,1.27851979823775,0.0260519497217109,0.914854542262891,0.00261710232039846,0.914554031323976,0.00300018761922075
"random","D | Iu=0.8 Ix=0.7","GraphSAGE",0.929942409777219,0.0460968516226494,1.1721880034409,0.0558715759690518,0.935274620057173,0.00554096684640764,0.934373965332087,0.00545864558869209
"random","D | Iu=0.8 Ix=0.7","GraphSAGE + LayerNorm",0.935305400214923,0.0270451019503083,1.19456675277923,0.0361632910931857,0.932989867178419,0.00602556901600791,0.93169918374313,0.00676048159840997
"random","D | Iu=0.8 Ix=0.7","OLS",2.48583286475585,0.064217797823909,3.45954401357719,0.132141808566661,0.430855309554506,0.0294310996299361,0.429045975964136,0.0299975650545681
"random","D | Iu=0.8 Ix=0.7","SEM",2.47394633701096,0.0688090582728693,3.46790303657735,0.142711990300256,0.428169239377334,0.0330810190584752,0.426244789194691,0.0334878853990715
"random","D | Iu=0.8 Ix=0.7","XGBoost",1.01329713048548,0.0319049472091597,1.3413574741327,0.0489076465573954,0.914383162828892,0.00890851885866728,0.913834191513384,0.00930404589908185
"random","D | Iu=0.8 Ix=0.7","XGBoost + lags",1.00784588517341,0.0243866648752859,1.33940643841477,0.0366627408610615,0.914499486712603,0.00801511444481236,0.914160229241574,0.00808562344219975
"random","E | Ix=0.0","GraphSAGE",0.981716979153326,0.0242900443192586,1.23964465491104,0.0357004114838032,0.240239517104346,0.0252891546649708,0.210762783375759,0.0289932972001018
"random","E | Ix=0.0","GraphSAGE + LayerNorm",0.993879946794032,0.0270170664948159,1.25299707574428,0.0390378087422189,0.224056284707665,0.0244499785367857,0.193735940634829,0.0307134578628942
"random","E | Ix=0.0","OLS",0.93978876139064,0.0319453878913381,1.1813069003621,0.0391349232015015,0.285483980097364,0.0331768242831945,0.283230577105122,0.0330103354711807
"random","E | Ix=0.0","XGBoost",1.07067519606091,0.0285379872873635,1.35083210650484,0.0336628704379946,0.156959439093003,0.015579383048636,0.0628628734044645,0.0270087773655796
"random","E | Ix=0.0","XGBoost + lags",1.07865042547794,0.028310051547054,1.3620817497233,0.0388665014050025,0.165666808631799,0.0240750226903439,0.0472393074555055,0.0318653099143752
"random","E | Ix=0.4","GraphSAGE",0.868274022392297,0.0193053503484913,1.08901134447886,0.0227701845808242,0.448202520817513,0.0211643051199475,0.44637710738159,0.0204896164222497
"random","E | Ix=0.4","GraphSAGE + LayerNorm",0.878824328361075,0.0189520149513167,1.10462956303367,0.0261265081333881,0.432029867009711,0.0246025563524825,0.43032126932326,0.0248045220452019
"random","E | Ix=0.4","OLS",0.879262175729012,0.0184902660220802,1.10726090417745,0.0195181426828252,0.428893840965513,0.0169132851419633,0.427744490438839,0.0158603507455124
"random","E | Ix=0.4","XGBoost",1.01006089161345,0.0260478873538106,1.27474240988235,0.0239304620959901,0.296144062336761,0.0151907126157673,0.241672893645841,0.0158128164668061
"random","E | Ix=0.4","XGBoost + lags",0.974643030298792,0.0211407046347727,1.2158222297929,0.0304905072627161,0.330967748863398,0.0242508751771685,0.309915390286468,0.029419935003865
